id,name,age,email,start_date,end_date,source_system,record_type,region
5000,Person 5000,,user5000@example.com,2024-01-01,2024-06-01,MODERN,STREAM,EU
5001,Person 5001,64,user5001@example.com,2024-01-01,2024-06-01,MODERN,STREAM,US
5002,Person 5002,50,user5002@example.com,2024-01-01,2024-06-01,LEGACY_A,BATCH,UK
5003,Person 5003,-9,user5003@example.com,2024-01-01,2024-06-01,MODERN,STREAM,APAC
5004,Person 5004,86,user5004@example.com,2024-01-01,2024-06-01,MODERN,STREAM,EU
5005,Person 5005,29,user5005@example.com,2024-01-01,2024-06-01,MODERN,STREAM,US
5006,Person 5006,36,user5006@example.com,2024-01-01,2024-06-01,MODERN,STREAM,UK
5007,Person 5007,587,user5007@example.com,2024-01-01,2024-06-01,MODERN,STREAM,APAC
5008,Person 5008,88,user5008@example.com,2024-01-01,2024-06-01,MODERN,STREAM,EU
5009,Person 5009,82,user5009@example.com,2024-01-01,2024-06-01,MODERN,STREAM,US
5010,Person 5010,39,user5010@example.com,2024-01-01,2024-06-01,MODERN,STREAM,UK
5011,Person 5011,53,user5011@example.com,2024-01-01,2024-06-01,MODERN,STREAM,APAC
5012,Person 5012,25,user5012-example.com,2024-01-01,2024-06-01,MODERN,STREAM,EU
5013,Person 5013,45,user5013@example.com,2024-01-01,2024-06-01,MODERN,STREAM,US
5014,Person 5014,26,user5014@example.com,2024-01-01,2024-06-01,MODERN,STREAM,UK
5015,Person 5015,48,user5015@example.com,2024-01-01,2024-06-01,MODERN,STREAM,APAC
5016,Person 5016,88,user5016@example.com,2024-01-01,2024-06-01,MODERN,STREAM,EU
5017,Person 5017,89,user5017@example.com,2024-01-01,2024-06-01,MODERN,STREAM,US
5018,Person 5018,51,user5018@example.com,2024-01-01,2024-06-01,LEGACY_A,BATCH,UK
5019,Person 5019,73,user5019@example.com,2024-01-01,2024-06-01,MODERN,STREAM,APAC
5020,Person 5020,91,user5020@example.com,2024-01-01,2024-06-01,MODERN,STREAM,EU
5021,Person 5021,48,user5021@example.com,2024-01-01,2024-06-01,MODERN,STREAM,US
5022,Person 5022,75,user5022@example.com,2024-06-01,2024-01-01,MODERN,STREAM,UK
5023,Person 5023,59,user5023@example.com,2024-01-01,2024-06-01,MODERN,STREAM,APAC
5024,Person 5024,41,user5024@example.com,2024-01-01,2024-06-01,MODERN,STREAM,EU
5025,Person 5025,53,user5025@example.com,2024-01-01,2024-06-01,MODERN,STREAM,US
5026,Person 5026,22,user5026@example.com,2024-01-01,2024-06-01,MODERN,STREAM,UK
5027,Person 5027,48,user5027@example.com,2024-01-01,2024-06-01,MODERN,STREAM,APAC
5028,Person 5028,80,user5028@example.com,2024-06-01,2024-01-01,MODERN,STREAM,EU
5029,Person 5029,58,user5029@example.com,2024-01-01,2024-06-01,MODERN,STREAM,US
5030,Person 5030,80,user5030@example.com,2024-01-01,2024-06-01,LEGACY_A,BATCH,UK
5031,Person 5031,83,user5031@example.com,2024-01-01,2024-06-01,MODERN,STREAM,APAC
5032,Person 5032,85,user5032@example.com,2024-01-01,2024-06-01,MODERN,STREAM,EU
5033,Person 5033,,user5033@example.com,2024-01-01,2024-06-01,MODERN,STREAM,US
5034,Person 5034,46,user5034@example.com,2024-01-01,2024-06-01,MODERN,STREAM,UK
5035,Person 5035,79,user5035@example.com,2024-01-01,2024-06-01,MODERN,STREAM,APAC
5036,Person 5036,-38,user5036@example.com,2024-01-01,2024-06-01,MODERN,STREAM,EU
5037,Person 5037,46,user5037@example.com,2024-01-01,2024-06-01,MODERN,STREAM,US
5038,Person 5038,63,user5038@example.com,2024-01-01,2024-06-01,MODERN,STREAM,UK
5039,Person 5039,62,user5039@example.com,2024-01-01,2024-06-01,MODERN,STREAM,APAC
5040,Person 5040,37,user5040@example.com,2024-01-01,2024-06-01,MODERN,STREAM,EU
5041,Person 5041,57,user5041@example.com,2024-01-01,2024-06-01,MODERN,STREAM,US
5042,Person 5042,23,user5042@example.com,2024-01-01,2024-06-01,LEGACY_A,BATCH,UK
5043,Person 5043,72,user5043@example.com,2024-01-01,2024-06-01,LEGACY_A,BATCH,APAC
5044,Person 5044,204,user5044@example.com,2024-01-01,2024-06-01,MODERN,STREAM,EU
5045,Person 5045,61,user5045@example.com,2024-01-01,2024-06-01,MODERN,STREAM,US
5046,Person 5046,38,user5046@example.com,2024-01-01,2024-06-01,MODERN,STREAM,UK
5047,Person 5047,516,user5047@example.com,2024-01-01,2024-06-01,MODERN,STREAM,APAC
5048,Person 5048,56,user5048@example.com,2024-01-01,2024-06-01,MODERN,STREAM,EU
5049,Person 5049,262,user5049@example.com,2024-01-01,2024-06-01,LEGACY_A,BATCH,US
5050,Person 5050,58,user5050@example.com,2024-01-01,2024-06-01,LEGACY_A,BATCH,UK
5051,Person 5051,34,user5051@example.com,2024-01-01,2024-06-01,MODERN,STREAM,APAC
5052,Person 5052,19,user5052@example.com,2024-01-01,2024-06-01,MODERN,STREAM,EU
5053,Person 5053,28,user5053@example.com,2024-01-01,2024-06-01,MODERN,STREAM,US
5054,Person 5054,71,user5054@example.com,2024-01-01,2024-06-01,MODERN,STREAM,UK
5055,Person 5055,32,user5055@example.com,2024-01-01,2024-06-01,MODERN,STREAM,APAC
5056,Person 5056,82,user5056@example.com,2024-01-01,2024-06-01,MODERN,STREAM,EU
5057,Person 5057,62,user5057@example.com,2024-01-01,2024-06-01,MODERN,STREAM,US
5058,Person 5058,24,user5058@example.com,2024-01-01,2024-06-01,MODERN,STREAM,UK
5059,Person 5059,90,user5059-example.com,2024-01-01,2024-06-01,MODERN,STREAM,APAC
5060,Person 5060,36,user5060@example.com,2024-01-01,2024-06-01,MODERN,STREAM,EU
5061,Person 5061,57,user5061@example.com,2024-01-01,2024-06-01,MODERN,STREAM,US
5062,Person 5062,87,user5062@example.com,2024-01-01,2024-06-01,MODERN,STREAM,UK
5063,Person 5063,23,user5063@example.com,2024-01-01,2024-06-01,MODERN,STREAM,APAC
5064,Person 5064,91,user5064@example.com,2024-01-01,2024-06-01,MODERN,STREAM,EU
5065,Person 5065,43,user5065@example.com,2024-01-01,2024-06-01,MODERN,STREAM,US
5066,Person 5066,89,user5066@example.com,2024-01-01,2024-06-01,MODERN,STREAM,UK
5067,Person 5067,66,user5067@example.com,2024-01-01,2024-06-01,MODERN,STREAM,APAC
5068,Person 5068,25,user5068@example.com,2024-01-01,2024-06-01,MODERN,STREAM,EU
5069,Person 5069,24,user5069@example.com,2024-01-01,2024-06-01,MODERN,STREAM,US
5070,Person 5070,51,user5070@example.com,2024-01-01,2024-06-01,MODERN,STREAM,UK
5071,Person 5071,23,user5071@example.com,2024-01-01,2024-06-01,MODERN,STREAM,APAC
5072,Person 5072,18,user5072@example.com,2024-01-01,2024-06-01,MODERN,STREAM,EU
5073,Person 5073,70,user5073@example.com,2024-01-01,2024-06-01,MODERN,STREAM,US
5074,Person 5074,34,user5074@example.com,2024-01-01,2024-06-01,MODERN,STREAM,UK
5075,Person 5075,53,user5075@example.com,2024-01-01,2024-06-01,MODERN,STREAM,APAC
5076,Person 5076,86,user5076@example.com,2024-01-01,2024-06-01,MODERN,STREAM,EU
5077,Person 5077,69,user5077@example.com,2024-01-01,2024-06-01,MODERN,STREAM,US
5078,Person 5078,32,user5078@example.com,2024-01-01,2024-06-01,LEGACY_A,BATCH,UK
5079,Person 5079,29,user5079@example.com,2024-01-01,2024-06-01,MODERN,STREAM,APAC
5080,Person 5080,34,user5080@example.com,2024-01-01,2024-06-01,MODERN,STREAM,EU
5081,Person 5081,71,user5081@example.com,2024-01-01,2024-06-01,LEGACY_A,BATCH,US
5082,Person 5082,41,user5082@example.com,2024-06-01,2024-01-01,MODERN,STREAM,UK
5083,Person 5083,66,user5083-example.com,2024-01-01,2024-06-01,MODERN,STREAM,APAC
5084,Person 5084,73,user5084@example.com,2024-01-01,2024-06-01,MODERN,STREAM,EU
5085,Person 5085,-23,user5085@example.com,2024-01-01,2024-06-01,LEGACY_A,BATCH,US
5086,Person 5086,26,user5086@example.com,2024-01-01,2024-06-01,MODERN,STREAM,UK
5087,Person 5087,26,user5087@example.com,2024-01-01,2024-06-01,MODERN,STREAM,APAC
5088,Person 5088,46,user5088@example.com,2024-01-01,2024-06-01,MODERN,STREAM,EU
5089,Person 5089,70,user5089@example.com,2024-01-01,2024-06-01,MODERN,STREAM,US
5090,Person 5090,29,user5090@example.com,2024-01-01,2024-06-01,LEGACY_A,BATCH,UK
5091,Person 5091,64,user5091@example.com,2024-01-01,2024-06-01,MODERN,STREAM,APAC
5092,Person 5092,78,user5092@example.com,2024-06-01,2024-01-01,MODERN,STREAM,EU
5093,Person 5093,38,user5093@example.com,2024-01-01,2024-06-01,MODERN,STREAM,US
5094,Person 5094,56,user5094@example.com,2024-01-01,2024-06-01,MODERN,STREAM,UK
5095,Person 5095,,user5095@example.com,2024-01-01,2024-06-01,MODERN,STREAM,APAC
5096,Person 5096,79,user5096@example.com,2024-01-01,2024-06-01,LEGACY_A,BATCH,EU
5097,Person 5097,84,user5097@example.com,2024-01-01,2024-06-01,MODERN,STREAM,US
5098,Person 5098,48,user5098@example.com,2024-01-01,2024-06-01,MODERN,STREAM,UK
5099,Person 5099,85,user5099@example.com,2024-01-01,2024-06-01,MODERN,STREAM,APAC
5100,Person 5100,42,user5100@example.com,2024-01-01,2024-06-01,MODERN,STREAM,EU
5101,Person 5101,-25,user5101@example.com,2024-01-01,2024-06-01,MODERN,STREAM,US
5102,Person 5102,52,user5102@example.com,2024-01-01,2024-06-01,MODERN,STREAM,UK
5103,Person 5103,37,user5103@example.com,2024-01-01,2024-06-01,MODERN,STREAM,APAC
5104,Person 5104,20,user5104@example.com,2024-01-01,2024-06-01,MODERN,STREAM,EU
5105,Person 5105,79,user5105@example.com,2024-01-01,2024-06-01,MODERN,STREAM,US
5106,Person 5106,50,user5106@example.com,2024-01-01,2024-06-01,MODERN,STREAM,UK
5107,Person 5107,29,user5107@example.com,2024-01-01,2024-06-01,MODERN,STREAM,APAC
5108,Person 5108,36,user5108@example.com,2024-01-01,2024-06-01,MODERN,STREAM,EU
5109,Person 5109,61,user5109@example.com,2024-01-01,2024-06-01,MODERN,STREAM,US
5110,Person 5110,38,user5110@example.com,2024-01-01,2024-06-01,MODERN,STREAM,UK
5111,Person 5111,80,user5111-example.com,2024-01-01,2024-06-01,LEGACY_A,BATCH,APAC
5112,Person 5112,74,user5112@example.com,2024-01-01,2024-06-01,MODERN,STREAM,EU
5113,Person 5113,36,user5113@example.com,2024-01-01,2024-06-01,LEGACY_A,BATCH,US
5114,Person 5114,20,user5114@example.com,2024-01-01,2024-06-01,MODERN,STREAM,UK
5115,Person 5115,54,user5115@example.com,2024-01-01,2024-06-01,MODERN,STREAM,APAC
5116,Person 5116,,user5116@example.com,2024-01-01,2024-06-01,MODERN,STREAM,EU
5117,Person 5117,36,user5117@example.com,2024-01-01,2024-06-01,MODERN,STREAM,US
5118,Person 5118,32,user5118@example.com,2024-01-01,2024-06-01,MODERN,STREAM,UK
5119,Person 5119,20,user5119@example.com,2024-01-01,2024-06-01,MODERN,STREAM,APAC
5120,Person 5120,50,user5120@example.com,2024-01-01,2024-06-01,MODERN,STREAM,EU
5121,Person 5121,31,user5121@example.com,2024-01-01,2024-06-01,MODERN,STREAM,US
5122,Person 5122,756,user5122@example.com,2024-01-01,2024-06-01,MODERN,STREAM,UK
5123,Person 5123,91,user5123@example.com,2024-01-01,2024-06-01,MODERN,STREAM,APAC
5124,Person 5124,50,user5124@example.com,2024-01-01,2024-06-01,MODERN,STREAM,EU
5125,Person 5125,88,user5125@example.com,2024-01-01,2024-06-01,MODERN,STREAM,US
5126,Person 5126,25,user5126@example.com,2024-01-01,2024-06-01,LEGACY_A,BATCH,UK
5127,Person 5127,40,user5127@example.com,2024-01-01,2024-06-01,MODERN,STREAM,APAC
5128,Person 5128,23,user5128@example.com,2024-01-01,2024-06-01,MODERN,STREAM,EU
5129,Person 5129,35,user5129@example.com,2024-06-01,2024-01-01,MODERN,STREAM,US
5130,Person 5130,71,user5130@example.com,2024-01-01,2024-06-01,MODERN,STREAM,UK
5131,Person 5131,33,user5131@example.com,2024-01-01,2024-06-01,MODERN,STREAM,APAC
5132,Person 5132,59,user5132@example.com,2024-06-01,2024-01-01,MODERN,STREAM,EU
5133,Person 5133,23,user5133@example.com,2024-06-01,2024-01-01,MODERN,STREAM,US
5134,Person 5134,26,user5134@example.com,2024-01-01,2024-06-01,MODERN,STREAM,UK
5135,Person 5135,74,user5135@example.com,2024-01-01,2024-06-01,MODERN,STREAM,APAC
5136,Person 5136,85,user5136@example.com,2024-01-01,2024-06-01,MODERN,STREAM,EU
5137,Person 5137,76,user5137@example.com,2024-01-01,2024-06-01,LEGACY_A,BATCH,US
5138,Person 5138,54,user5138@example.com,2024-01-01,2024-06-01,LEGACY_A,BATCH,UK
5139,Person 5139,27,user5139@example.com,2024-01-01,2024-06-01,MODERN,STREAM,APAC
5140,Person 5140,81,user5140@example.com,2024-01-01,2024-06-01,MODERN,STREAM,EU
5141,Person 5141,29,user5141@example.com,2024-01-01,2024-06-01,MODERN,STREAM,US
5142,Person 5142,55,user5142@example.com,2024-01-01,2024-06-01,MODERN,STREAM,UK
5143,Person 5143,74,user5143@example.com,2024-01-01,2024-06-01,MODERN,STREAM,APAC
5144,Person 5144,75,user5144@example.com,2024-01-01,2024-06-01,MODERN,STREAM,EU
5145,Person 5145,77,user5145@example.com,2024-01-01,2024-06-01,MODERN,STREAM,US
5146,Person 5146,59,user5146@example.com,2024-01-01,2024-06-01,MODERN,STREAM,UK
5147,Person 5147,85,user5147@example.com,2024-01-01,2024-06-01,MODERN,STREAM,APAC
5148,Person 5148,24,user5148@example.com,2024-01-01,2024-06-01,MODERN,STREAM,EU
5149,Person 5149,51,user5149@example.com,2024-01-01,2024-06-01,MODERN,STREAM,US
5150,Person 5150,52,user5150@example.com,2024-01-01,2024-06-01,MODERN,STREAM,UK
5151,Person 5151,26,user5151@example.com,2024-01-01,2024-06-01,MODERN,STREAM,APAC
5152,Person 5152,40,user5152@example.com,2024-01-01,2024-06-01,MODERN,STREAM,EU
5153,Person 5153,76,user5153@example.com,2024-01-01,2024-06-01,MODERN,STREAM,US
5154,Person 5154,82,user5154@example.com,2024-01-01,2024-06-01,MODERN,STREAM,UK
5155,Person 5155,65,user5155@example.com,2024-01-01,2024-06-01,MODERN,STREAM,APAC
5156,Person 5156,50,user5156@example.com,2024-01-01,2024-06-01,MODERN,STREAM,EU
5157,Person 5157,23,user5157@example.com,2024-01-01,2024-06-01,MODERN,STREAM,US
5158,Person 5158,32,user5158@example.com,2024-01-01,2024-06-01,MODERN,STREAM,UK
5159,Person 5159,87,user5159@example.com,2024-01-01,2024-06-01,MODERN,STREAM,APAC
5160,Person 5160,27,user5160@example.com,2024-01-01,2024-06-01,MODERN,STREAM,EU
5161,Person 5161,29,user5161@example.com,2024-01-01,2024-06-01,MODERN,STREAM,US
5162,Person 5162,78,user5162@example.com,2024-01-01,2024-06-01,MODERN,STREAM,UK
5163,Person 5163,68,user5163@example.com,2024-01-01,2024-06-01,MODERN,STREAM,APAC
5164,Person 5164,70,user5164@example.com,2024-01-01,2024-06-01,MODERN,STREAM,EU
5165,Person 5165,33,user5165@example.com,2024-01-01,2024-06-01,MODERN,STREAM,US
5166,Person 5166,73,user5166@example.com,2024-01-01,2024-06-01,MODERN,STREAM,UK
5167,Person 5167,78,user5167@example.com,2024-01-01,2024-06-01,MODERN,STREAM,APAC
5168,Person 5168,48,user5168@example.com,2024-01-01,2024-06-01,MODERN,STREAM,EU
5169,Person 5169,28,user5169@example.com,2024-01-01,2024-06-01,LEGACY_A,BATCH,US
5170,Person 5170,78,user5170@example.com,2024-01-01,2024-06-01,MODERN,STREAM,UK
5171,Person 5171,52,user5171@example.com,2024-01-01,2024-06-01,MODERN,STREAM,APAC
5172,Person 5172,54,user5172@example.com,2024-01-01,2024-06-01,MODERN,STREAM,EU
5173,Person 5173,66,user5173@example.com,2024-01-01,2024-06-01,MODERN,STREAM,US
5174,Person 5174,69,user5174@example.com,2024-01-01,2024-06-01,MODERN,STREAM,UK
5175,Person 5175,58,user5175@example.com,2024-01-01,2024-06-01,MODERN,STREAM,APAC
5176,Person 5176,-31,user5176@example.com,2024-01-01,2024-06-01,MODERN,STREAM,EU
5177,Person 5177,32,user5177@example.com,2024-01-01,2024-06-01,MODERN,STREAM,US
5178,Person 5178,88,user5178@example.com,2024-01-01,2024-06-01,MODERN,STREAM,UK
5179,Person 5179,55,user5179@example.com,2024-01-01,2024-06-01,MODERN,STREAM,APAC
5180,Person 5180,32,user5180@example.com,2024-01-01,2024-06-01,MODERN,STREAM,EU
5181,Person 5181,73,user5181@example.com,2024-01-01,2024-06-01,MODERN,STREAM,US
5182,Person 5182,78,user5182@example.com,2024-01-01,2024-06-01,MODERN,STREAM,UK
5183,Person 5183,63,user5183@example.com,2024-01-01,2024-06-01,MODERN,STREAM,APAC
5184,Person 5184,91,user5184-example.com,2024-01-01,2024-06-01,MODERN,STREAM,EU
5185,Person 5185,18,user5185-example.com,2024-01-01,2024-06-01,MODERN,STREAM,US
5186,Person 5186,48,user5186@example.com,2024-01-01,2024-06-01,MODERN,STREAM,UK
5187,Person 5187,36,user5187@example.com,2024-01-01,2024-06-01,MODERN,STREAM,APAC
5188,Person 5188,85,user5188@example.com,2024-01-01,2024-06-01,MODERN,STREAM,EU
5189,Person 5189,89,user5189@example.com,2024-01-01,2024-06-01,MODERN,STREAM,US
5190,Person 5190,59,user5190@example.com,2024-01-01,2024-06-01,MODERN,STREAM,UK
5191,Person 5191,21,user5191@example.com,2024-01-01,2024-06-01,MODERN,STREAM,APAC
5192,Person 5192,832,user5192@example.com,2024-01-01,2024-06-01,MODERN,STREAM,EU
5193,Person 5193,18,user5193@example.com,2024-01-01,2024-06-01,MODERN,STREAM,US
5194,Person 5194,32,user5194@example.com,2024-01-01,2024-06-01,MODERN,STREAM,UK
5195,Person 5195,45,user5195@example.com,2024-01-01,2024-06-01,MODERN,STREAM,APAC
5196,Person 5196,79,user5196@example.com,2024-01-01,2024-06-01,MODERN,STREAM,EU
5197,Person 5197,51,user5197@example.com,2024-01-01,2024-06-01,MODERN,STREAM,US
5198,Person 5198,25,user5198@example.com,2024-01-01,2024-06-01,MODERN,STREAM,UK
5199,Person 5199,61,user5199@example.com,2024-01-01,2024-06-01,MODERN,STREAM,APAC
5200,Person 5200,37,user5200@example.com,2024-01-01,2024-06-01,MODERN,STREAM,EU
5201,Person 5201,33,user5201-example.com,2024-01-01,2024-06-01,MODERN,STREAM,US
5202,Person 5202,36,user5202@example.com,2024-06-01,2024-01-01,MODERN,STREAM,UK
5203,Person 5203,44,user5203@example.com,2024-01-01,2024-06-01,MODERN,STREAM,APAC
5204,Person 5204,82,user5204@example.com,2024-01-01,2024-06-01,MODERN,STREAM,EU
5205,Person 5205,70,user5205@example.com,2024-01-01,2024-06-01,MODERN,STREAM,US
5206,Person 5206,85,user5206@example.com,2024-01-01,2024-06-01,MODERN,STREAM,UK
5207,Person 5207,44,user5207@example.com,2024-01-01,2024-06-01,MODERN,STREAM,APAC
5208,Person 5208,64,user5208@example.com,2024-01-01,2024-06-01,MODERN,STREAM,EU
5209,Person 5209,26,user5209@example.com,2024-01-01,2024-06-01,MODERN,STREAM,US
5210,Person 5210,41,user5210@example.com,2024-06-01,2024-01-01,MODERN,STREAM,UK
5211,Person 5211,36,user5211@example.com,2024-01-01,2024-06-01,MODERN,STREAM,APAC
5212,Person 5212,62,user5212@example.com,2024-01-01,2024-06-01,MODERN,STREAM,EU
5213,Person 5213,60,user5213-example.com,2024-01-01,2024-06-01,MODERN,STREAM,US
5214,Person 5214,28,user5214@example.com,2024-01-01,2024-06-01,MODERN,STREAM,UK
5215,Person 5215,63,user5215@example.com,2024-01-01,2024-06-01,MODERN,STREAM,APAC
5216,Person 5216,87,user5216@example.com,2024-01-01,2024-06-01,MODERN,STREAM,EU
5217,Person 5217,35,user5217@example.com,2024-01-01,2024-06-01,MODERN,STREAM,US
5218,Person 5218,26,user5218@example.com,2024-01-01,2024-06-01,MODERN,STREAM,UK
5219,Person 5219,798,user5219@example.com,2024-01-01,2024-06-01,MODERN,STREAM,APAC
5220,Person 5220,54,user5220-example.com,2024-01-01,2024-06-01,MODERN,STREAM,EU
5221,Person 5221,91,user5221@example.com,2024-01-01,2024-06-01,MODERN,STREAM,US
5222,Person 5222,53,user5222@example.com,2024-01-01,2024-06-01,MODERN,STREAM,UK
5223,Person 5223,18,user5223@example.com,2024-01-01,2024-06-01,MODERN,STREAM,APAC
5224,Person 5224,57,user5224@example.com,2024-01-01,2024-06-01,MODERN,STREAM,EU
5225,Person 5225,62,user5225@example.com,2024-01-01,2024-06-01,LEGACY_A,BATCH,US
5226,Person 5226,59,user5226@example.com,2024-06-01,2024-01-01,MODERN,STREAM,UK
5227,Person 5227,,user5227@example.com,2024-01-01,2024-06-01,MODERN,STREAM,APAC
5228,Person 5228,54,user5228@example.com,2024-01-01,2024-06-01,MODERN,STREAM,EU
5229,Person 5229,62,user5229@example.com,2024-01-01,2024-06-01,MODERN,STREAM,US
5230,Person 5230,65,user5230@example.com,2024-01-01,2024-06-01,LEGACY_A,BATCH,UK
5231,Person 5231,55,user5231@example.com,2024-01-01,2024-06-01,MODERN,STREAM,APAC
5232,Person 5232,27,user5232@example.com,2024-01-01,2024-06-01,MODERN,STREAM,EU
5233,Person 5233,36,user5233@example.com,2024-01-01,2024-06-01,MODERN,STREAM,US
5234,Person 5234,79,user5234@example.com,2024-01-01,2024-06-01,MODERN,STREAM,UK
5235,Person 5235,70,user5235@example.com,2024-01-01,2024-06-01,LEGACY_A,BATCH,APAC
5236,Person 5236,60,user5236@example.com,2024-01-01,2024-06-01,MODERN,STREAM,EU
5237,Person 5237,37,user5237-example.com,2024-01-01,2024-06-01,MODERN,STREAM,US
5238,Person 5238,64,user5238@example.com,2024-01-01,2024-06-01,MODERN,STREAM,UK
5239,Person 5239,65,user5239@example.com,2024-01-01,2024-06-01,MODERN,STREAM,APAC
5240,Person 5240,77,user5240@example.com,2024-01-01,2024-06-01,MODERN,STREAM,EU
5241,Person 5241,42,user5241@example.com,2024-01-01,2024-06-01,MODERN,STREAM,US
5242,Person 5242,42,user5242@example.com,2024-01-01,2024-06-01,MODERN,STREAM,UK
5243,Person 5243,46,user5243@example.com,2024-01-01,2024-06-01,MODERN,STREAM,APAC
5244,Person 5244,65,user5244-example.com,2024-01-01,2024-06-01,MODERN,STREAM,EU
5245,Person 5245,44,user5245@example.com,2024-01-01,2024-06-01,MODERN,STREAM,US
5246,Person 5246,20,user5246-example.com,2024-01-01,2024-06-01,MODERN,STREAM,UK
5247,Person 5247,27,user5247@example.com,2024-01-01,2024-06-01,LEGACY_A,BATCH,APAC
5248,Person 5248,50,user5248@example.com,2024-01-01,2024-06-01,MODERN,STREAM,EU
5249,Person 5249,81,user5249-example.com,2024-01-01,2024-06-01,MODERN,STREAM,US
5250,Person 5250,83,user5250@example.com,2024-01-01,2024-06-01,MODERN,STREAM,UK
5251,Person 5251,894,user5251@example.com,2024-01-01,2024-06-01,MODERN,STREAM,APAC
5252,Person 5252,39,user5252@example.com,2024-01-01,2024-06-01,MODERN,STREAM,EU
5253,Person 5253,,user5253@example.com,2024-01-01,2024-06-01,LEGACY_A,BATCH,US
5254,Person 5254,,user5254@example.com,2024-01-01,2024-06-01,MODERN,STREAM,UK
5255,Person 5255,27,user5255@example.com,2024-01-01,2024-06-01,MODERN,STREAM,APAC
5256,Person 5256,35,user5256@example.com,2024-01-01,2024-06-01,MODERN,STREAM,EU
5257,Person 5257,29,user5257-example.com,2024-01-01,2024-06-01,MODERN,STREAM,US
5258,Person 5258,63,user5258@example.com,2024-06-01,2024-01-01,MODERN,STREAM,UK
5259,Person 5259,32,user5259@example.com,2024-01-01,2024-06-01,MODERN,STREAM,APAC
5260,Person 5260,28,user5260@example.com,2024-01-01,2024-06-01,MODERN,STREAM,EU
5261,Person 5261,82,user5261@example.com,2024-01-01,2024-06-01,MODERN,STREAM,US
5262,Person 5262,62,user5262@example.com,2024-01-01,2024-06-01,MODERN,STREAM,UK
5263,Person 5263,78,user5263@example.com,2024-01-01,2024-06-01,MODERN,STREAM,APAC
5264,Person 5264,20,user5264@example.com,2024-01-01,2024-06-01,MODERN,STREAM,EU
5265,Person 5265,88,user5265@example.com,2024-01-01,2024-06-01,MODERN,STREAM,US
5266,Person 5266,36,user5266@example.com,2024-01-01,2024-06-01,MODERN,STREAM,UK
5267,Person 5267,38,user5267@example.com,2024-01-01,2024-06-01,MODERN,STREAM,APAC
5268,Person 5268,43,user5268@example.com,2024-01-01,2024-06-01,LEGACY_A,BATCH,EU
5269,Person 5269,-26,user5269@example.com,2024-01-01,2024-06-01,MODERN,STREAM,US
5270,Person 5270,51,user5270@example.com,2024-01-01,2024-06-01,MODERN,STREAM,UK
5271,Person 5271,85,user5271@example.com,2024-01-01,2024-06-01,MODERN,STREAM,APAC
5272,Person 5272,47,user5272@example.com,2024-01-01,2024-06-01,MODERN,STREAM,EU
5273,Person 5273,59,user5273@example.com,2024-01-01,2024-06-01,MODERN,STREAM,US
5274,Person 5274,50,user5274@example.com,2024-01-01,2024-06-01,MODERN,STREAM,UK
5275,Person 5275,54,user5275@example.com,2024-01-01,2024-06-01,MODERN,STREAM,APAC
5276,Person 5276,31,user5276@example.com,2024-01-01,2024-06-01,MODERN,STREAM,EU
5277,Person 5277,24,user5277@example.com,2024-01-01,2024-06-01,MODERN,STREAM,US
5278,Person 5278,481,user5278@example.com,2024-01-01,2024-06-01,MODERN,STREAM,UK
5279,Person 5279,39,user5279@example.com,2024-01-01,2024-06-01,MODERN,STREAM,APAC
5280,Person 5280,28,user5280@example.com,2024-01-01,2024-06-01,MODERN,STREAM,EU
5281,Person 5281,54,user5281@example.com,2024-01-01,2024-06-01,MODERN,STREAM,US
5282,Person 5282,67,user5282@example.com,2024-06-01,2024-01-01,MODERN,STREAM,UK
5283,Person 5283,36,user5283@example.com,2024-01-01,2024-06-01,MODERN,STREAM,APAC
5284,Person 5284,18,user5284@example.com,2024-01-01,2024-06-01,MODERN,STREAM,EU
5285,Person 5285,81,user5285@example.com,2024-01-01,2024-06-01,MODERN,STREAM,US
5286,Person 5286,82,user5286@example.com,2024-01-01,2024-06-01,MODERN,STREAM,UK
5287,Person 5287,57,user5287@example.com,2024-01-01,2024-06-01,LEGACY_A,BATCH,APAC
5288,Person 5288,63,user5288@example.com,2024-01-01,2024-06-01,MODERN,STREAM,EU
5289,Person 5289,30,user5289@example.com,2024-06-01,2024-01-01,MODERN,STREAM,US
5290,Person 5290,-19,user5290@example.com,2024-01-01,2024-06-01,MODERN,STREAM,UK
5291,Person 5291,36,user5291@example.com,2024-01-01,2024-06-01,MODERN,STREAM,APAC
5292,Person 5292,77,user5292@example.com,2024-01-01,2024-06-01,LEGACY_A,BATCH,EU
5293,Person 5293,27,user5293@example.com,2024-01-01,2024-06-01,MODERN,STREAM,US
5294,Person 5294,22,user5294@example.com,2024-01-01,2024-06-01,MODERN,STREAM,UK
5295,Person 5295,72,user5295@example.com,2024-01-01,2024-06-01,LEGACY_A,BATCH,APAC
5296,Person 5296,85,user5296@example.com,2024-01-01,2024-06-01,LEGACY_A,BATCH,EU
5297,Person 5297,43,user5297@example.com,2024-06-01,2024-01-01,MODERN,STREAM,US
5298,Person 5298,63,user5298@example.com,2024-01-01,2024-06-01,MODERN,STREAM,UK
5299,Person 5299,48,user5299@example.com,2024-01-01,2024-06-01,MODERN,STREAM,APAC
5300,Person 5300,38,user5300@example.com,2024-01-01,2024-06-01,MODERN,STREAM,EU
5301,Person 5301,62,user5301@example.com,2024-01-01,2024-06-01,MODERN,STREAM,US
5302,Person 5302,46,user5302@example.com,2024-01-01,2024-06-01,MODERN,STREAM,UK
5303,Person 5303,49,user5303-example.com,2024-01-01,2024-06-01,MODERN,STREAM,APAC
5304,Person 5304,60,user5304-example.com,2024-01-01,2024-06-01,LEGACY_A,BATCH,EU
5305,Person 5305,53,user5305@example.com,2024-01-01,2024-06-01,MODERN,STREAM,US
5306,Person 5306,52,user5306@example.com,2024-01-01,2024-06-01,MODERN,STREAM,UK
5307,Person 5307,81,user5307@example.com,2024-01-01,2024-06-01,MODERN,STREAM,APAC
5308,Person 5308,83,user5308@example.com,2024-01-01,2024-06-01,MODERN,STREAM,EU
5309,Person 5309,316,user5309@example.com,2024-01-01,2024-06-01,MODERN,STREAM,US
5310,Person 5310,63,user5310@example.com,2024-01-01,2024-06-01,MODERN,STREAM,UK
5311,Person 5311,,user5311@example.com,2024-01-01,2024-06-01,MODERN,STREAM,APAC
5312,Person 5312,59,user5312@example.com,2024-01-01,2024-06-01,MODERN,STREAM,EU
5313,Person 5313,78,user5313@example.com,2024-01-01,2024-06-01,MODERN,STREAM,US
5314,Person 5314,33,user5314@example.com,2024-01-01,2024-06-01,MODERN,STREAM,UK
5315,Person 5315,89,user5315@example.com,2024-01-01,2024-06-01,MODERN,STREAM,APAC
5316,Person 5316,89,user5316@example.com,2024-01-01,2024-06-01,MODERN,STREAM,EU
5317,Person 5317,70,user5317@example.com,2024-01-01,2024-06-01,MODERN,STREAM,US
5318,Person 5318,71,user5318@example.com,2024-01-01,2024-06-01,MODERN,STREAM,UK
5319,Person 5319,24,user5319@example.com,2024-01-01,2024-06-01,LEGACY_A,BATCH,APAC
5320,Person 5320,65,user5320@example.com,2024-01-01,2024-06-01,LEGACY_A,BATCH,EU
5321,Person 5321,89,user5321-example.com,2024-01-01,2024-06-01,MODERN,STREAM,US
5322,Person 5322,36,user5322@example.com,2024-01-01,2024-06-01,MODERN,STREAM,UK
5323,Person 5323,42,user5323@example.com,2024-01-01,2024-06-01,MODERN,STREAM,APAC
5324,Person 5324,27,user5324@example.com,2024-01-01,2024-06-01,MODERN,STREAM,EU
5325,Person 5325,24,user5325@example.com,2024-01-01,2024-06-01,LEGACY_A,BATCH,US
5326,Person 5326,36,user5326@example.com,2024-01-01,2024-06-01,MODERN,STREAM,UK
5327,Person 5327,62,user5327-example.com,2024-01-01,2024-06-01,MODERN,STREAM,APAC
5328,Person 5328,55,user5328@example.com,2024-01-01,2024-06-01,LEGACY_A,BATCH,EU
5329,Person 5329,55,user5329@example.com,2024-01-01,2024-06-01,MODERN,STREAM,US
5330,Person 5330,24,user5330@example.com,2024-01-01,2024-06-01,MODERN,STREAM,UK
5331,Person 5331,38,user5331@example.com,2024-01-01,2024-06-01,MODERN,STREAM,APAC
5332,Person 5332,20,user5332@example.com,2024-01-01,2024-06-01,MODERN,STREAM,EU
5333,Person 5333,49,user5333@example.com,2024-01-01,2024-06-01,LEGACY_A,BATCH,US
5334,Person 5334,70,user5334@example.com,2024-01-01,2024-06-01,MODERN,STREAM,UK
5335,Person 5335,43,user5335@example.com,2024-01-01,2024-06-01,MODERN,STREAM,APAC
5336,Person 5336,37,user5336@example.com,2024-01-01,2024-06-01,MODERN,STREAM,EU
5337,Person 5337,34,user5337@example.com,2024-01-01,2024-06-01,MODERN,STREAM,US
5338,Person 5338,87,user5338@example.com,2024-01-01,2024-06-01,MODERN,STREAM,UK
5339,Person 5339,80,user5339@example.com,2024-01-01,2024-06-01,MODERN,STREAM,APAC
5340,Person 5340,76,user5340@example.com,2024-01-01,2024-06-01,MODERN,STREAM,EU
5341,Person 5341,57,user5341@example.com,2024-01-01,2024-06-01,MODERN,STREAM,US
5342,Person 5342,85,user5342@example.com,2024-06-01,2024-01-01,LEGACY_A,BATCH,UK
5343,Person 5343,73,user5343@example.com,2024-01-01,2024-06-01,MODERN,STREAM,APAC
5344,Person 5344,30,user5344@example.com,2024-01-01,2024-06-01,MODERN,STREAM,EU
5345,Person 5345,68,user5345@example.com,2024-01-01,2024-06-01,MODERN,STREAM,US
5346,Person 5346,-6,user5346@example.com,2024-01-01,2024-06-01,MODERN,STREAM,UK
5347,Person 5347,38,user5347@example.com,2024-01-01,2024-06-01,MODERN,STREAM,APAC
5348,Person 5348,59,user5348@example.com,2024-01-01,2024-06-01,MODERN,STREAM,EU
5349,Person 5349,38,user5349@example.com,2024-01-01,2024-06-01,LEGACY_A,BATCH,US
5350,Person 5350,57,user5350-example.com,2024-01-01,2024-06-01,MODERN,STREAM,UK
5351,Person 5351,58,user5351@example.com,2024-01-01,2024-06-01,MODERN,STREAM,APAC
5352,Person 5352,72,user5352-example.com,2024-01-01,2024-06-01,LEGACY_A,BATCH,EU
5353,Person 5353,40,user5353@example.com,2024-01-01,2024-06-01,MODERN,STREAM,US
5354,Person 5354,24,user5354@example.com,2024-01-01,2024-06-01,MODERN,STREAM,UK
5355,Person 5355,39,user5355@example.com,2024-01-01,2024-06-01,MODERN,STREAM,APAC
5356,Person 5356,68,user5356@example.com,2024-01-01,2024-06-01,MODERN,STREAM,EU
5357,Person 5357,73,user5357@example.com,2024-01-01,2024-06-01,MODERN,STREAM,US
5358,Person 5358,26,user5358@example.com,2024-01-01,2024-06-01,MODERN,STREAM,UK
5359,Person 5359,724,user5359@example.com,2024-01-01,2024-06-01,MODERN,STREAM,APAC
5360,Person 5360,21,user5360-example.com,2024-01-01,2024-06-01,MODERN,STREAM,EU
5361,Person 5361,772,user5361@example.com,2024-01-01,2024-06-01,MODERN,STREAM,US
5362,Person 5362,64,user5362@example.com,2024-01-01,2024-06-01,MODERN,STREAM,UK
5363,Person 5363,63,user5363@example.com,2024-01-01,2024-06-01,MODERN,STREAM,APAC
5364,Person 5364,64,user5364@example.com,2024-01-01,2024-06-01,MODERN,STREAM,EU
5365,Person 5365,83,user5365@example.com,2024-01-01,2024-06-01,MODERN,STREAM,US
5366,Person 5366,81,user5366@example.com,2024-01-01,2024-06-01,MODERN,STREAM,UK
5367,Person 5367,350,user5367@example.com,2024-01-01,2024-06-01,MODERN,STREAM,APAC
5368,Person 5368,23,user5368@example.com,2024-01-01,2024-06-01,MODERN,STREAM,EU
5369,Person 5369,39,user5369@example.com,2024-01-01,2024-06-01,MODERN,STREAM,US
5370,Person 5370,30,user5370@example.com,2024-01-01,2024-06-01,MODERN,STREAM,UK
5371,Person 5371,87,user5371@example.com,2024-01-01,2024-06-01,MODERN,STREAM,APAC
5372,Person 5372,75,user5372@example.com,2024-01-01,2024-06-01,MODERN,STREAM,EU
5373,Person 5373,24,user5373@example.com,2024-01-01,2024-06-01,MODERN,STREAM,US
5374,Person 5374,62,user5374@example.com,2024-01-01,2024-06-01,MODERN,STREAM,UK
5375,Person 5375,844,user5375@example.com,2024-01-01,2024-06-01,MODERN,STREAM,APAC
5376,Person 5376,77,user5376@example.com,2024-01-01,2024-06-01,MODERN,STREAM,EU
5377,Person 5377,35,user5377@example.com,2024-01-01,2024-06-01,LEGACY_A,BATCH,US
5378,Person 5378,29,user5378@example.com,2024-01-01,2024-06-01,MODERN,STREAM,UK
5379,Person 5379,28,user5379@example.com,2024-01-01,2024-06-01,MODERN,STREAM,APAC
5380,Person 5380,66,user5380@example.com,2024-01-01,2024-06-01,MODERN,STREAM,EU
5381,Person 5381,74,user5381@example.com,2024-01-01,2024-06-01,LEGACY_A,BATCH,US
5382,Person 5382,80,user5382-example.com,2024-01-01,2024-06-01,MODERN,STREAM,UK
5383,Person 5383,63,user5383@example.com,2024-01-01,2024-06-01,MODERN,STREAM,APAC
5384,Person 5384,-21,user5384@example.com,2024-01-01,2024-06-01,MODERN,STREAM,EU
5385,Person 5385,59,user5385@example.com,2024-01-01,2024-06-01,MODERN,STREAM,US
5386,Person 5386,58,user5386@example.com,2024-01-01,2024-06-01,MODERN,STREAM,UK
5387,Person 5387,29,user5387@example.com,2024-01-01,2024-06-01,LEGACY_A,BATCH,APAC
5388,Person 5388,,user5388@example.com,2024-01-01,2024-06-01,MODERN,STREAM,EU
5389,Person 5389,76,user5389@example.com,2024-01-01,2024-06-01,MODERN,STREAM,US
5390,Person 5390,30,user5390@example.com,2024-01-01,2024-06-01,MODERN,STREAM,UK
5391,Person 5391,84,user5391@example.com,2024-01-01,2024-06-01,MODERN,STREAM,APAC
5392,Person 5392,33,user5392@example.com,2024-01-01,2024-06-01,MODERN,STREAM,EU
5393,Person 5393,65,user5393@example.com,2024-01-01,2024-06-01,MODERN,STREAM,US
5394,Person 5394,69,user5394@example.com,2024-01-01,2024-06-01,MODERN,STREAM,UK
5395,Person 5395,44,user5395@example.com,2024-01-01,2024-06-01,MODERN,STREAM,APAC
5396,Person 5396,87,user5396@example.com,2024-01-01,2024-06-01,MODERN,STREAM,EU
5397,Person 5397,36,user5397@example.com,2024-06-01,2024-01-01,MODERN,STREAM,US
5398,Person 5398,36,user5398@example.com,2024-01-01,2024-06-01,MODERN,STREAM,UK
5399,Person 5399,87,user5399@example.com,2024-01-01,2024-06-01,MODERN,STREAM,APAC
5400,Person 5400,68,user5400@example.com,2024-01-01,2024-06-01,MODERN,STREAM,EU
5401,Person 5401,37,user5401@example.com,2024-01-01,2024-06-01,MODERN,STREAM,US
5402,Person 5402,63,user5402-example.com,2024-01-01,2024-06-01,MODERN,STREAM,UK
5403,Person 5403,73,user5403@example.com,2024-01-01,2024-06-01,MODERN,STREAM,APAC
5404,Person 5404,49,user5404@example.com,2024-01-01,2024-06-01,LEGACY_A,BATCH,EU
5405,Person 5405,39,user5405-example.com,2024-01-01,2024-06-01,MODERN,STREAM,US
5406,Person 5406,38,user5406@example.com,2024-06-01,2024-01-01,MODERN,STREAM,UK
5407,Person 5407,86,user5407@example.com,2024-01-01,2024-06-01,MODERN,STREAM,APAC
5408,Person 5408,661,user5408@example.com,2024-01-01,2024-06-01,MODERN,STREAM,EU
5409,Person 5409,68,user5409@example.com,2024-01-01,2024-06-01,MODERN,STREAM,US
5410,Person 5410,23,user5410@example.com,2024-01-01,2024-06-01,MODERN,STREAM,UK
5411,Person 5411,82,user5411@example.com,2024-01-01,2024-06-01,MODERN,STREAM,APAC
5412,Person 5412,53,user5412@example.com,2024-01-01,2024-06-01,MODERN,STREAM,EU
5413,Person 5413,46,user5413@example.com,2024-01-01,2024-06-01,LEGACY_A,BATCH,US
5414,Person 5414,71,user5414@example.com,2024-01-01,2024-06-01,MODERN,STREAM,UK
5415,Person 5415,29,user5415@example.com,2024-01-01,2024-06-01,MODERN,STREAM,APAC
5416,Person 5416,19,user5416@example.com,2024-01-01,2024-06-01,MODERN,STREAM,EU
5417,Person 5417,85,user5417@example.com,2024-01-01,2024-06-01,MODERN,STREAM,US
5418,Person 5418,20,user5418@example.com,2024-01-01,2024-06-01,MODERN,STREAM,UK
5419,Person 5419,42,user5419@example.com,2024-01-01,2024-06-01,MODERN,STREAM,APAC
5420,Person 5420,43,user5420@example.com,2024-01-01,2024-06-01,LEGACY_A,BATCH,EU
5421,Person 5421,60,user5421@example.com,2024-01-01,2024-06-01,MODERN,STREAM,US
5422,Person 5422,161,user5422@example.com,2024-01-01,2024-06-01,MODERN,STREAM,UK
5423,Person 5423,75,user5423@example.com,2024-01-01,2024-06-01,MODERN,STREAM,APAC
5424,Person 5424,50,user5424@example.com,2024-01-01,2024-06-01,MODERN,STREAM,EU
5425,Person 5425,74,user5425@example.com,2024-01-01,2024-06-01,MODERN,STREAM,US
5426,Person 5426,40,user5426@example.com,2024-01-01,2024-06-01,MODERN,STREAM,UK
5427,Person 5427,55,user5427@example.com,2024-01-01,2024-06-01,MODERN,STREAM,APAC
5428,Person 5428,89,user5428@example.com,2024-01-01,2024-06-01,MODERN,STREAM,EU
5429,Person 5429,24,user5429@example.com,2024-01-01,2024-06-01,MODERN,STREAM,US
5430,Person 5430,78,user5430@example.com,2024-01-01,2024-06-01,MODERN,STREAM,UK
5431,Person 5431,44,user5431@example.com,2024-01-01,2024-06-01,LEGACY_A,BATCH,APAC
5432,Person 5432,21,user5432@example.com,2024-01-01,2024-06-01,MODERN,STREAM,EU
5433,Person 5433,68,user5433@example.com,2024-01-01,2024-06-01,MODERN,STREAM,US
5434,Person 5434,,user5434@example.com,2024-01-01,2024-06-01,MODERN,STREAM,UK
5435,Person 5435,-3,user5435@example.com,2024-01-01,2024-06-01,MODERN,STREAM,APAC
5436,Person 5436,90,user5436@example.com,2024-01-01,2024-06-01,MODERN,STREAM,EU
5437,Person 5437,858,user5437@example.com,2024-01-01,2024-06-01,MODERN,STREAM,US
5438,Person 5438,79,user5438@example.com,2024-01-01,2024-06-01,MODERN,STREAM,UK
5439,Person 5439,42,user5439@example.com,2024-01-01,2024-06-01,MODERN,STREAM,APAC
5440,Person 5440,66,user5440@example.com,2024-01-01,2024-06-01,MODERN,STREAM,EU
5441,Person 5441,72,user5441@example.com,2024-01-01,2024-06-01,MODERN,STREAM,US
5442,Person 5442,28,user5442@example.com,2024-01-01,2024-06-01,MODERN,STREAM,UK
5443,Person 5443,84,user5443@example.com,2024-01-01,2024-06-01,MODERN,STREAM,APAC
5444,Person 5444,23,user5444@example.com,2024-01-01,2024-06-01,MODERN,STREAM,EU
5445,Person 5445,,user5445@example.com,2024-01-01,2024-06-01,MODERN,STREAM,US
5446,Person 5446,51,user5446@example.com,2024-01-01,2024-06-01,MODERN,STREAM,UK
5447,Person 5447,80,user5447@example.com,2024-01-01,2024-06-01,MODERN,STREAM,APAC
5448,Person 5448,32,user5448@example.com,2024-01-01,2024-06-01,MODERN,STREAM,EU
5449,Person 5449,47,user5449@example.com,2024-01-01,2024-06-01,MODERN,STREAM,US
5450,Person 5450,73,user5450@example.com,2024-01-01,2024-06-01,MODERN,STREAM,UK
5451,Person 5451,76,user5451@example.com,2024-01-01,2024-06-01,MODERN,STREAM,APAC
5452,Person 5452,27,user5452@example.com,2024-01-01,2024-06-01,MODERN,STREAM,EU
5453,Person 5453,35,user5453@example.com,2024-01-01,2024-06-01,MODERN,STREAM,US
5454,Person 5454,27,user5454@example.com,2024-01-01,2024-06-01,LEGACY_A,BATCH,UK
5455,Person 5455,63,user5455@example.com,2024-01-01,2024-06-01,MODERN,STREAM,APAC
5456,Person 5456,56,user5456@example.com,2024-01-01,2024-06-01,MODERN,STREAM,EU
5457,Person 5457,36,user5457@example.com,2024-01-01,2024-06-01,MODERN,STREAM,US
5458,Person 5458,69,user5458@example.com,2024-01-01,2024-06-01,MODERN,STREAM,UK
5459,Person 5459,31,user5459@example.com,2024-01-01,2024-06-01,MODERN,STREAM,APAC
5460,Person 5460,73,user5460@example.com,2024-01-01,2024-06-01,MODERN,STREAM,EU
5461,Person 5461,57,user5461@example.com,2024-01-01,2024-06-01,MODERN,STREAM,US
5462,Person 5462,62,user5462@example.com,2024-01-01,2024-06-01,MODERN,STREAM,UK
5463,Person 5463,28,user5463@example.com,2024-06-01,2024-01-01,MODERN,STREAM,APAC
5464,Person 5464,78,user5464@example.com,2024-01-01,2024-06-01,MODERN,STREAM,EU
5465,Person 5465,30,user5465@example.com,2024-01-01,2024-06-01,MODERN,STREAM,US
5466,Person 5466,40,user5466-example.com,2024-01-01,2024-06-01,MODERN,STREAM,UK
5467,Person 5467,43,user5467@example.com,2024-01-01,2024-06-01,MODERN,STREAM,APAC
5468,Person 5468,20,user5468@example.com,2024-01-01,2024-06-01,MODERN,STREAM,EU
5469,Person 5469,85,user5469@example.com,2024-06-01,2024-01-01,MODERN,STREAM,US
5470,Person 5470,35,user5470@example.com,2024-01-01,2024-06-01,MODERN,STREAM,UK
5471,Person 5471,,user5471@example.com,2024-01-01,2024-06-01,MODERN,STREAM,APAC
5472,Person 5472,53,user5472@example.com,2024-01-01,2024-06-01,MODERN,STREAM,EU
5473,Person 5473,19,user5473@example.com,2024-01-01,2024-06-01,MODERN,STREAM,US
5474,Person 5474,57,user5474@example.com,2024-01-01,2024-06-01,MODERN,STREAM,UK
5475,Person 5475,56,user5475@example.com,2024-01-01,2024-06-01,MODERN,STREAM,APAC
5476,Person 5476,926,user5476@example.com,2024-01-01,2024-06-01,MODERN,STREAM,EU
5477,Person 5477,31,user5477@example.com,2024-01-01,2024-06-01,MODERN,STREAM,US
5478,Person 5478,75,user5478@example.com,2024-01-01,2024-06-01,MODERN,STREAM,UK
5479,Person 5479,75,user5479@example.com,2024-01-01,2024-06-01,MODERN,STREAM,APAC
5480,Person 5480,32,user5480@example.com,2024-01-01,2024-06-01,MODERN,STREAM,EU
5481,Person 5481,35,user5481@example.com,2024-01-01,2024-06-01,MODERN,STREAM,US
5482,Person 5482,20,user5482-example.com,2024-01-01,2024-06-01,MODERN,STREAM,UK
5483,Person 5483,21,user5483@example.com,2024-01-01,2024-06-01,MODERN,STREAM,APAC
5484,Person 5484,76,user5484@example.com,2024-01-01,2024-06-01,MODERN,STREAM,EU
5485,Person 5485,58,user5485@example.com,2024-01-01,2024-06-01,LEGACY_A,BATCH,US
5486,Person 5486,69,user5486@example.com,2024-01-01,2024-06-01,MODERN,STREAM,UK
5487,Person 5487,78,user5487@example.com,2024-01-01,2024-06-01,MODERN,STREAM,APAC
5488,Person 5488,68,user5488@example.com,2024-01-01,2024-06-01,MODERN,STREAM,EU
5489,Person 5489,44,user5489@example.com,2024-01-01,2024-06-01,MODERN,STREAM,US
5490,Person 5490,59,user5490@example.com,2024-01-01,2024-06-01,MODERN,STREAM,UK
5491,Person 5491,68,user5491@example.com,2024-01-01,2024-06-01,MODERN,STREAM,APAC
5492,Person 5492,50,user5492@example.com,2024-01-01,2024-06-01,MODERN,STREAM,EU
5493,Person 5493,78,user5493@example.com,2024-01-01,2024-06-01,MODERN,STREAM,US
5494,Person 5494,43,user5494@example.com,2024-01-01,2024-06-01,MODERN,STREAM,UK
5495,Person 5495,85,user5495@example.com,2024-01-01,2024-06-01,MODERN,STREAM,APAC
5496,Person 5496,38,user5496@example.com,2024-01-01,2024-06-01,MODERN,STREAM,EU
5497,Person 5497,69,user5497@example.com,2024-01-01,2024-06-01,MODERN,STREAM,US
5498,Person 5498,43,user5498@example.com,2024-01-01,2024-06-01,MODERN,STREAM,UK
5499,Person 5499,63,user5499@example.com,2024-01-01,2024-06-01,MODERN,STREAM,APAC
5500,Person 5500,467,user5500@example.com,2024-01-01,2024-06-01,MODERN,STREAM,EU
5501,Person 5501,57,user5501@example.com,2024-01-01,2024-06-01,MODERN,STREAM,US
5502,Person 5502,,user5502@example.com,2024-01-01,2024-06-01,MODERN,STREAM,UK
5503,Person 5503,83,user5503@example.com,2024-01-01,2024-06-01,MODERN,STREAM,APAC
5504,Person 5504,47,user5504@example.com,2024-01-01,2024-06-01,MODERN,STREAM,EU
5505,Person 5505,57,user5505@example.com,2024-01-01,2024-06-01,MODERN,STREAM,US
5506,Person 5506,32,user5506@example.com,2024-06-01,2024-01-01,MODERN,STREAM,UK
5507,Person 5507,48,user5507@example.com,2024-01-01,2024-06-01,MODERN,STREAM,APAC
5508,Person 5508,79,user5508@example.com,2024-01-01,2024-06-01,MODERN,STREAM,EU
5509,Person 5509,86,user5509@example.com,2024-01-01,2024-06-01,LEGACY_A,BATCH,US
5510,Person 5510,83,user5510@example.com,2024-01-01,2024-06-01,MODERN,STREAM,UK
5511,Person 5511,33,user5511@example.com,2024-01-01,2024-06-01,MODERN,STREAM,APAC
5512,Person 5512,36,user5512@example.com,2024-01-01,2024-06-01,MODERN,STREAM,EU
5513,Person 5513,23,user5513@example.com,2024-01-01,2024-06-01,MODERN,STREAM,US
5514,Person 5514,45,user5514@example.com,2024-01-01,2024-06-01,MODERN,STREAM,UK
5515,Person 5515,69,user5515@example.com,2024-06-01,2024-01-01,MODERN,STREAM,APAC
5516,Person 5516,89,user5516@example.com,2024-01-01,2024-06-01,MODERN,STREAM,EU
5517,Person 5517,24,user5517@example.com,2024-01-01,2024-06-01,MODERN,STREAM,US
5518,Person 5518,55,user5518@example.com,2024-01-01,2024-06-01,LEGACY_A,BATCH,UK
5519,Person 5519,73,user5519@example.com,2024-01-01,2024-06-01,MODERN,STREAM,APAC
5520,Person 5520,79,user5520@example.com,2024-01-01,2024-06-01,MODERN,STREAM,EU
5521,Person 5521,28,user5521@example.com,2024-01-01,2024-06-01,MODERN,STREAM,US
5522,Person 5522,42,user5522@example.com,2024-01-01,2024-06-01,MODERN,STREAM,UK
5523,Person 5523,67,user5523@example.com,2024-01-01,2024-06-01,MODERN,STREAM,APAC
5524,Person 5524,19,user5524-example.com,2024-01-01,2024-06-01,MODERN,STREAM,EU
5525,Person 5525,,user5525@example.com,2024-01-01,2024-06-01,MODERN,STREAM,US
5526,Person 5526,-37,user5526@example.com,2024-01-01,2024-06-01,MODERN,STREAM,UK
5527,Person 5527,-6,user5527@example.com,2024-01-01,2024-06-01,MODERN,STREAM,APAC
5528,Person 5528,71,user5528@example.com,2024-01-01,2024-06-01,LEGACY_A,BATCH,EU
5529,Person 5529,82,user5529@example.com,2024-01-01,2024-06-01,MODERN,STREAM,US
5530,Person 5530,58,user5530@example.com,2024-01-01,2024-06-01,MODERN,STREAM,UK
5531,Person 5531,47,user5531@example.com,2024-01-01,2024-06-01,LEGACY_A,BATCH,APAC
5532,Person 5532,78,user5532@example.com,2024-01-01,2024-06-01,MODERN,STREAM,EU
5533,Person 5533,29,user5533@example.com,2024-01-01,2024-06-01,LEGACY_A,BATCH,US
5534,Person 5534,55,user5534@example.com,2024-01-01,2024-06-01,MODERN,STREAM,UK
5535,Person 5535,59,user5535@example.com,2024-01-01,2024-06-01,MODERN,STREAM,APAC
5536,Person 5536,84,user5536@example.com,2024-01-01,2024-06-01,MODERN,STREAM,EU
5537,Person 5537,79,user5537@example.com,2024-01-01,2024-06-01,MODERN,STREAM,US
5538,Person 5538,31,user5538@example.com,2024-01-01,2024-06-01,MODERN,STREAM,UK
5539,Person 5539,39,user5539@example.com,2024-01-01,2024-06-01,MODERN,STREAM,APAC
5540,Person 5540,63,user5540@example.com,2024-06-01,2024-01-01,MODERN,STREAM,EU
5541,Person 5541,29,user5541@example.com,2024-01-01,2024-06-01,MODERN,STREAM,US
5542,Person 5542,89,user5542@example.com,2024-01-01,2024-06-01,MODERN,STREAM,UK
5543,Person 5543,37,user5543@example.com,2024-06-01,2024-01-01,MODERN,STREAM,APAC
5544,Person 5544,36,user5544@example.com,2024-01-01,2024-06-01,MODERN,STREAM,EU
5545,Person 5545,26,user5545@example.com,2024-01-01,2024-06-01,LEGACY_A,BATCH,US
5546,Person 5546,62,user5546@example.com,2024-01-01,2024-06-01,LEGACY_A,BATCH,UK
5547,Person 5547,45,user5547@example.com,2024-01-01,2024-06-01,MODERN,STREAM,APAC
5548,Person 5548,60,user5548@example.com,2024-01-01,2024-06-01,LEGACY_A,BATCH,EU
5549,Person 5549,63,user5549@example.com,2024-01-01,2024-06-01,MODERN,STREAM,US
5550,Person 5550,85,user5550-example.com,2024-01-01,2024-06-01,MODERN,STREAM,UK
5551,Person 5551,86,user5551@example.com,2024-01-01,2024-06-01,MODERN,STREAM,APAC
5552,Person 5552,80,user5552@example.com,2024-01-01,2024-06-01,MODERN,STREAM,EU
5553,Person 5553,-29,user5553@example.com,2024-01-01,2024-06-01,LEGACY_A,BATCH,US
5554,Person 5554,,user5554@example.com,2024-01-01,2024-06-01,MODERN,STREAM,UK
5555,Person 5555,41,user5555@example.com,2024-01-01,2024-06-01,MODERN,STREAM,APAC
5556,Person 5556,39,user5556@example.com,2024-01-01,2024-06-01,MODERN,STREAM,EU
5557,Person 5557,57,user5557@example.com,2024-01-01,2024-06-01,MODERN,STREAM,US
5558,Person 5558,48,user5558@example.com,2024-01-01,2024-06-01,MODERN,STREAM,UK
5559,Person 5559,37,user5559@example.com,2024-01-01,2024-06-01,MODERN,STREAM,APAC
5560,Person 5560,84,user5560@example.com,2024-01-01,2024-06-01,MODERN,STREAM,EU
5561,Person 5561,47,user5561@example.com,2024-01-01,2024-06-01,LEGACY_A,BATCH,US
5562,Person 5562,34,user5562@example.com,2024-01-01,2024-06-01,MODERN,STREAM,UK
5563,Person 5563,68,user5563@example.com,2024-01-01,2024-06-01,MODERN,STREAM,APAC
5564,Person 5564,85,user5564@example.com,2024-01-01,2024-06-01,MODERN,STREAM,EU
5565,Person 5565,24,user5565@example.com,2024-01-01,2024-06-01,MODERN,STREAM,US
5566,Person 5566,36,user5566@example.com,2024-01-01,2024-06-01,MODERN,STREAM,UK
5567,Person 5567,90,user5567@example.com,2024-01-01,2024-06-01,MODERN,STREAM,APAC
5568,Person 5568,82,user5568@example.com,2024-01-01,2024-06-01,MODERN,STREAM,EU
5569,Person 5569,38,user5569@example.com,2024-06-01,2024-01-01,MODERN,STREAM,US
5570,Person 5570,22,user5570@example.com,2024-01-01,2024-06-01,MODERN,STREAM,UK
5571,Person 5571,82,user5571@example.com,2024-01-01,2024-06-01,MODERN,STREAM,APAC
5572,Person 5572,83,user5572@example.com,2024-01-01,2024-06-01,LEGACY_A,BATCH,EU
5573,Person 5573,57,user5573@example.com,2024-01-01,2024-06-01,LEGACY_A,BATCH,US
5574,Person 5574,82,user5574@example.com,2024-01-01,2024-06-01,MODERN,STREAM,UK
5575,Person 5575,19,user5575@example.com,2024-01-01,2024-06-01,MODERN,STREAM,APAC
5576,Person 5576,67,user5576-example.com,2024-01-01,2024-06-01,MODERN,STREAM,EU
5577,Person 5577,31,user5577@example.com,2024-01-01,2024-06-01,MODERN,STREAM,US
5578,Person 5578,26,user5578-example.com,2024-01-01,2024-06-01,MODERN,STREAM,UK
5579,Person 5579,69,user5579@example.com,2024-01-01,2024-06-01,MODERN,STREAM,APAC
5580,Person 5580,59,user5580@example.com,2024-01-01,2024-06-01,MODERN,STREAM,EU
5581,Person 5581,240,user5581@example.com,2024-01-01,2024-06-01,MODERN,STREAM,US
5582,Person 5582,31,user5582@example.com,2024-01-01,2024-06-01,MODERN,STREAM,UK
5583,Person 5583,57,user5583@example.com,2024-01-01,2024-06-01,MODERN,STREAM,APAC
5584,Person 5584,25,user5584@example.com,2024-06-01,2024-01-01,MODERN,STREAM,EU
5585,Person 5585,53,user5585@example.com,2024-01-01,2024-06-01,MODERN,STREAM,US
5586,Person 5586,66,user5586@example.com,2024-01-01,2024-06-01,MODERN,STREAM,UK
5587,Person 5587,58,user5587@example.com,2024-01-01,2024-06-01,LEGACY_A,BATCH,APAC
5588,Person 5588,59,user5588@example.com,2024-01-01,2024-06-01,MODERN,STREAM,EU
5589,Person 5589,51,user5589@example.com,2024-01-01,2024-06-01,MODERN,STREAM,US
5590,Person 5590,33,user5590@example.com,2024-01-01,2024-06-01,MODERN,STREAM,UK
5591,Person 5591,66,user5591@example.com,2024-01-01,2024-06-01,MODERN,STREAM,APAC
5592,Person 5592,84,user5592@example.com,2024-01-01,2024-06-01,MODERN,STREAM,EU
5593,Person 5593,67,user5593@example.com,2024-01-01,2024-06-01,LEGACY_A,BATCH,US
5594,Person 5594,-30,user5594@example.com,2024-01-01,2024-06-01,MODERN,STREAM,UK
5595,Person 5595,87,user5595@example.com,2024-01-01,2024-06-01,MODERN,STREAM,APAC
5596,Person 5596,74,user5596@example.com,2024-01-01,2024-06-01,MODERN,STREAM,EU
5597,Person 5597,77,user5597@example.com,2024-01-01,2024-06-01,MODERN,STREAM,US
5598,Person 5598,41,user5598@example.com,2024-01-01,2024-06-01,MODERN,STREAM,UK
5599,Person 5599,60,user5599@example.com,2024-01-01,2024-06-01,MODERN,STREAM,APAC
5600,Person 5600,,user5600@example.com,2024-01-01,2024-06-01,MODERN,STREAM,EU
5601,Person 5601,57,user5601@example.com,2024-01-01,2024-06-01,MODERN,STREAM,US
5602,Person 5602,78,user5602@example.com,2024-01-01,2024-06-01,MODERN,STREAM,UK
5603,Person 5603,85,user5603@example.com,2024-01-01,2024-06-01,MODERN,STREAM,APAC
5604,Person 5604,43,user5604@example.com,2024-01-01,2024-06-01,MODERN,STREAM,EU
5605,Person 5605,61,user5605@example.com,2024-01-01,2024-06-01,MODERN,STREAM,US
5606,Person 5606,70,user5606@example.com,2024-01-01,2024-06-01,MODERN,STREAM,UK
5607,Person 5607,,user5607@example.com,2024-01-01,2024-06-01,LEGACY_A,BATCH,APAC
5608,Person 5608,547,user5608@example.com,2024-01-01,2024-06-01,MODERN,STREAM,EU
5609,Person 5609,58,user5609@example.com,2024-01-01,2024-06-01,MODERN,STREAM,US
5610,Person 5610,36,user5610@example.com,2024-01-01,2024-06-01,MODERN,STREAM,UK
5611,Person 5611,45,user5611@example.com,2024-01-01,2024-06-01,MODERN,STREAM,APAC
5612,Person 5612,88,user5612@example.com,2024-01-01,2024-06-01,MODERN,STREAM,EU
5613,Person 5613,41,user5613@example.com,2024-01-01,2024-06-01,MODERN,STREAM,US
5614,Person 5614,26,user5614@example.com,2024-01-01,2024-06-01,LEGACY_A,BATCH,UK
5615,Person 5615,78,user5615@example.com,2024-01-01,2024-06-01,MODERN,STREAM,APAC
5616,Person 5616,-33,user5616@example.com,2024-01-01,2024-06-01,LEGACY_A,BATCH,EU
5617,Person 5617,68,user5617@example.com,2024-01-01,2024-06-01,MODERN,STREAM,US
5618,Person 5618,63,user5618@example.com,2024-01-01,2024-06-01,MODERN,STREAM,UK
5619,Person 5619,58,user5619@example.com,2024-01-01,2024-06-01,MODERN,STREAM,APAC
5620,Person 5620,32,user5620@example.com,2024-06-01,2024-01-01,MODERN,STREAM,EU
5621,Person 5621,34,user5621@example.com,2024-01-01,2024-06-01,MODERN,STREAM,US
5622,Person 5622,75,user5622@example.com,2024-01-01,2024-06-01,MODERN,STREAM,UK
5623,Person 5623,83,user5623@example.com,2024-01-01,2024-06-01,MODERN,STREAM,APAC
5624,Person 5624,87,user5624@example.com,2024-01-01,2024-06-01,MODERN,STREAM,EU
5625,Person 5625,22,user5625@example.com,2024-01-01,2024-06-01,MODERN,STREAM,US
5626,Person 5626,67,user5626@example.com,2024-01-01,2024-06-01,MODERN,STREAM,UK
5627,Person 5627,51,user5627@example.com,2024-01-01,2024-06-01,MODERN,STREAM,APAC
5628,Person 5628,71,user5628@example.com,2024-01-01,2024-06-01,MODERN,STREAM,EU
5629,Person 5629,51,user5629@example.com,2024-01-01,2024-06-01,MODERN,STREAM,US
5630,Person 5630,35,user5630@example.com,2024-01-01,2024-06-01,LEGACY_A,BATCH,UK
5631,Person 5631,41,user5631@example.com,2024-01-01,2024-06-01,MODERN,STREAM,APAC
5632,Person 5632,41,user5632@example.com,2024-01-01,2024-06-01,LEGACY_A,BATCH,EU
5633,Person 5633,68,user5633@example.com,2024-01-01,2024-06-01,MODERN,STREAM,US
5634,Person 5634,53,user5634@example.com,2024-01-01,2024-06-01,MODERN,STREAM,UK
5635,Person 5635,48,user5635@example.com,2024-01-01,2024-06-01,LEGACY_A,BATCH,APAC
5636,Person 5636,29,user5636@example.com,2024-01-01,2024-06-01,MODERN,STREAM,EU
5637,Person 5637,61,user5637@example.com,2024-01-01,2024-06-01,LEGACY_A,BATCH,US
5638,Person 5638,47,user5638@example.com,2024-01-01,2024-06-01,MODERN,STREAM,UK
5639,Person 5639,63,user5639@example.com,2024-06-01,2024-01-01,MODERN,STREAM,APAC
5640,Person 5640,-36,user5640@example.com,2024-01-01,2024-06-01,MODERN,STREAM,EU
5641,Person 5641,70,user5641@example.com,2024-01-01,2024-06-01,MODERN,STREAM,US
5642,Person 5642,80,user5642@example.com,2024-01-01,2024-06-01,MODERN,STREAM,UK
5643,Person 5643,35,user5643@example.com,2024-01-01,2024-06-01,MODERN,STREAM,APAC
5644,Person 5644,537,user5644@example.com,2024-01-01,2024-06-01,MODERN,STREAM,EU
5645,Person 5645,60,user5645@example.com,2024-01-01,2024-06-01,MODERN,STREAM,US
5646,Person 5646,55,user5646@example.com,2024-01-01,2024-06-01,MODERN,STREAM,UK
5647,Person 5647,40,user5647@example.com,2024-01-01,2024-06-01,MODERN,STREAM,APAC
5648,Person 5648,91,user5648@example.com,2024-01-01,2024-06-01,MODERN,STREAM,EU
5649,Person 5649,18,user5649@example.com,2024-01-01,2024-06-01,MODERN,STREAM,US
5650,Person 5650,25,user5650@example.com,2024-01-01,2024-06-01,MODERN,STREAM,UK
5651,Person 5651,20,user5651@example.com,2024-01-01,2024-06-01,MODERN,STREAM,APAC
5652,Person 5652,47,user5652-example.com,2024-01-01,2024-06-01,MODERN,STREAM,EU
5653,Person 5653,44,user5653@example.com,2024-01-01,2024-06-01,MODERN,STREAM,US
5654,Person 5654,50,user5654@example.com,2024-01-01,2024-06-01,MODERN,STREAM,UK
5655,Person 5655,39,user5655@example.com,2024-01-01,2024-06-01,MODERN,STREAM,APAC
5656,Person 5656,73,user5656@example.com,2024-01-01,2024-06-01,MODERN,STREAM,EU
5657,Person 5657,,user5657@example.com,2024-01-01,2024-06-01,MODERN,STREAM,US
5658,Person 5658,86,user5658@example.com,2024-01-01,2024-06-01,LEGACY_A,BATCH,UK
5659,Person 5659,87,user5659@example.com,2024-01-01,2024-06-01,MODERN,STREAM,APAC
5660,Person 5660,82,user5660@example.com,2024-01-01,2024-06-01,MODERN,STREAM,EU
5661,Person 5661,39,user5661@example.com,2024-01-01,2024-06-01,MODERN,STREAM,US
5662,Person 5662,54,user5662@example.com,2024-01-01,2024-06-01,MODERN,STREAM,UK
5663,Person 5663,60,user5663@example.com,2024-01-01,2024-06-01,MODERN,STREAM,APAC
5664,Person 5664,75,user5664@example.com,2024-01-01,2024-06-01,MODERN,STREAM,EU
5665,Person 5665,81,user5665@example.com,2024-01-01,2024-06-01,MODERN,STREAM,US
5666,Person 5666,89,user5666@example.com,2024-01-01,2024-06-01,MODERN,STREAM,UK
5667,Person 5667,,user5667@example.com,2024-01-01,2024-06-01,MODERN,STREAM,APAC
5668,Person 5668,48,user5668@example.com,2024-01-01,2024-06-01,MODERN,STREAM,EU
5669,Person 5669,46,user5669@example.com,2024-01-01,2024-06-01,MODERN,STREAM,US
5670,Person 5670,42,user5670-example.com,2024-01-01,2024-06-01,MODERN,STREAM,UK
5671,Person 5671,,user5671@example.com,2024-01-01,2024-06-01,MODERN,STREAM,APAC
5672,Person 5672,,user5672@example.com,2024-01-01,2024-06-01,MODERN,STREAM,EU
5673,Person 5673,88,user5673@example.com,2024-01-01,2024-06-01,MODERN,STREAM,US
5674,Person 5674,68,user5674@example.com,2024-01-01,2024-06-01,MODERN,STREAM,UK
5675,Person 5675,24,user5675@example.com,2024-01-01,2024-06-01,LEGACY_A,BATCH,APAC
5676,Person 5676,68,user5676@example.com,2024-06-01,2024-01-01,MODERN,STREAM,EU
5677,Person 5677,83,user5677@example.com,2024-06-01,2024-01-01,LEGACY_A,BATCH,US
5678,Person 5678,51,user5678-example.com,2024-01-01,2024-06-01,MODERN,STREAM,UK
5679,Person 5679,31,user5679@example.com,2024-01-01,2024-06-01,MODERN,STREAM,APAC
5680,Person 5680,27,user5680@example.com,2024-01-01,2024-06-01,MODERN,STREAM,EU
5681,Person 5681,36,user5681@example.com,2024-01-01,2024-06-01,MODERN,STREAM,US
5682,Person 5682,29,user5682@example.com,2024-01-01,2024-06-01,MODERN,STREAM,UK
5683,Person 5683,23,user5683@example.com,2024-01-01,2024-06-01,LEGACY_A,BATCH,APAC
5684,Person 5684,,user5684@example.com,2024-01-01,2024-06-01,MODERN,STREAM,EU
5685,Person 5685,44,user5685@example.com,2024-01-01,2024-06-01,LEGACY_A,BATCH,US
5686,Person 5686,80,user5686@example.com,2024-01-01,2024-06-01,MODERN,STREAM,UK
5687,Person 5687,70,user5687@example.com,2024-01-01,2024-06-01,MODERN,STREAM,APAC
5688,Person 5688,59,user5688-example.com,2024-01-01,2024-06-01,LEGACY_A,BATCH,EU
5689,Person 5689,50,user5689@example.com,2024-01-01,2024-06-01,MODERN,STREAM,US
5690,Person 5690,91,user5690@example.com,2024-01-01,2024-06-01,MODERN,STREAM,UK
5691,Person 5691,81,user5691@example.com,2024-01-01,2024-06-01,MODERN,STREAM,APAC
5692,Person 5692,24,user5692@example.com,2024-01-01,2024-06-01,LEGACY_A,BATCH,EU
5693,Person 5693,805,user5693@example.com,2024-01-01,2024-06-01,MODERN,STREAM,US
5694,Person 5694,29,user5694@example.com,2024-01-01,2024-06-01,MODERN,STREAM,UK
5695,Person 5695,71,user5695@example.com,2024-01-01,2024-06-01,MODERN,STREAM,APAC
5696,Person 5696,87,user5696@example.com,2024-01-01,2024-06-01,MODERN,STREAM,EU
5697,Person 5697,89,user5697@example.com,2024-01-01,2024-06-01,MODERN,STREAM,US
5698,Person 5698,21,user5698@example.com,2024-01-01,2024-06-01,MODERN,STREAM,UK
5699,Person 5699,21,user5699@example.com,2024-01-01,2024-06-01,LEGACY_A,BATCH,APAC
5700,Person 5700,71,user5700@example.com,2024-01-01,2024-06-01,MODERN,STREAM,EU
5701,Person 5701,40,user5701@example.com,2024-01-01,2024-06-01,MODERN,STREAM,US
5702,Person 5702,32,user5702@example.com,2024-01-01,2024-06-01,MODERN,STREAM,UK
5703,Person 5703,61,user5703@example.com,2024-01-01,2024-06-01,MODERN,STREAM,APAC
5704,Person 5704,46,user5704@example.com,2024-01-01,2024-06-01,MODERN,STREAM,EU
5705,Person 5705,608,user5705@example.com,2024-01-01,2024-06-01,MODERN,STREAM,US
5706,Person 5706,35,user5706@example.com,2024-01-01,2024-06-01,MODERN,STREAM,UK
5707,Person 5707,,user5707@example.com,2024-01-01,2024-06-01,MODERN,STREAM,APAC
5708,Person 5708,68,user5708@example.com,2024-01-01,2024-06-01,MODERN,STREAM,EU
5709,Person 5709,63,user5709@example.com,2024-01-01,2024-06-01,MODERN,STREAM,US
5710,Person 5710,35,user5710@example.com,2024-01-01,2024-06-01,MODERN,STREAM,UK
5711,Person 5711,43,user5711-example.com,2024-01-01,2024-06-01,MODERN,STREAM,APAC
5712,Person 5712,90,user5712@example.com,2024-01-01,2024-06-01,MODERN,STREAM,EU
5713,Person 5713,393,user5713@example.com,2024-01-01,2024-06-01,MODERN,STREAM,US
5714,Person 5714,39,user5714@example.com,2024-01-01,2024-06-01,MODERN,STREAM,UK
5715,Person 5715,63,user5715@example.com,2024-01-01,2024-06-01,LEGACY_A,BATCH,APAC
5716,Person 5716,69,user5716@example.com,2024-01-01,2024-06-01,MODERN,STREAM,EU
5717,Person 5717,63,user5717@example.com,2024-01-01,2024-06-01,MODERN,STREAM,US
5718,Person 5718,87,user5718@example.com,2024-01-01,2024-06-01,MODERN,STREAM,UK
5719,Person 5719,49,user5719@example.com,2024-01-01,2024-06-01,MODERN,STREAM,APAC
5720,Person 5720,30,user5720@example.com,2024-01-01,2024-06-01,MODERN,STREAM,EU
5721,Person 5721,48,user5721@example.com,2024-01-01,2024-06-01,LEGACY_A,BATCH,US
5722,Person 5722,79,user5722@example.com,2024-01-01,2024-06-01,LEGACY_A,BATCH,UK
5723,Person 5723,50,user5723@example.com,2024-01-01,2024-06-01,MODERN,STREAM,APAC
5724,Person 5724,,user5724@example.com,2024-01-01,2024-06-01,MODERN,STREAM,EU
5725,Person 5725,61,user5725@example.com,2024-06-01,2024-01-01,LEGACY_A,BATCH,US
5726,Person 5726,43,user5726@example.com,2024-01-01,2024-06-01,MODERN,STREAM,UK
5727,Person 5727,52,user5727@example.com,2024-01-01,2024-06-01,MODERN,STREAM,APAC
5728,Person 5728,32,user5728@example.com,2024-01-01,2024-06-01,MODERN,STREAM,EU
5729,Person 5729,50,user5729@example.com,2024-01-01,2024-06-01,MODERN,STREAM,US
5730,Person 5730,60,user5730@example.com,2024-01-01,2024-06-01,LEGACY_A,BATCH,UK
5731,Person 5731,84,user5731@example.com,2024-01-01,2024-06-01,LEGACY_A,BATCH,APAC
5732,Person 5732,64,user5732@example.com,2024-06-01,2024-01-01,MODERN,STREAM,EU
5733,Person 5733,84,user5733@example.com,2024-01-01,2024-06-01,MODERN,STREAM,US
5734,Person 5734,44,user5734@example.com,2024-01-01,2024-06-01,MODERN,STREAM,UK
5735,Person 5735,20,user5735@example.com,2024-01-01,2024-06-01,MODERN,STREAM,APAC
5736,Person 5736,45,user5736@example.com,2024-01-01,2024-06-01,LEGACY_A,BATCH,EU
5737,Person 5737,20,user5737@example.com,2024-01-01,2024-06-01,MODERN,STREAM,US
5738,Person 5738,40,user5738@example.com,2024-01-01,2024-06-01,MODERN,STREAM,UK
5739,Person 5739,41,user5739@example.com,2024-01-01,2024-06-01,MODERN,STREAM,APAC
5740,Person 5740,-27,user5740@example.com,2024-01-01,2024-06-01,MODERN,STREAM,EU
5741,Person 5741,69,user5741@example.com,2024-01-01,2024-06-01,MODERN,STREAM,US
5742,Person 5742,53,user5742@example.com,2024-01-01,2024-06-01,MODERN,STREAM,UK
5743,Person 5743,64,user5743@example.com,2024-01-01,2024-06-01,MODERN,STREAM,APAC
5744,Person 5744,20,user5744@example.com,2024-01-01,2024-06-01,MODERN,STREAM,EU
5745,Person 5745,72,user5745@example.com,2024-01-01,2024-06-01,MODERN,STREAM,US
5746,Person 5746,43,user5746@example.com,2024-01-01,2024-06-01,MODERN,STREAM,UK
5747,Person 5747,68,user5747@example.com,2024-01-01,2024-06-01,MODERN,STREAM,APAC
5748,Person 5748,70,user5748@example.com,2024-01-01,2024-06-01,MODERN,STREAM,EU
5749,Person 5749,80,user5749@example.com,2024-01-01,2024-06-01,LEGACY_A,BATCH,US
5750,Person 5750,86,user5750@example.com,2024-01-01,2024-06-01,MODERN,STREAM,UK
5751,Person 5751,47,user5751@example.com,2024-01-01,2024-06-01,MODERN,STREAM,APAC
5752,Person 5752,30,user5752@example.com,2024-01-01,2024-06-01,MODERN,STREAM,EU
5753,Person 5753,34,user5753@example.com,2024-01-01,2024-06-01,MODERN,STREAM,US
5754,Person 5754,53,user5754@example.com,2024-01-01,2024-06-01,MODERN,STREAM,UK
5755,Person 5755,87,user5755@example.com,2024-01-01,2024-06-01,MODERN,STREAM,APAC
5756,Person 5756,45,user5756@example.com,2024-01-01,2024-06-01,MODERN,STREAM,EU
5757,Person 5757,-31,user5757@example.com,2024-01-01,2024-06-01,MODERN,STREAM,US
5758,Person 5758,63,user5758@example.com,2024-01-01,2024-06-01,MODERN,STREAM,UK
5759,Person 5759,25,user5759@example.com,2024-01-01,2024-06-01,MODERN,STREAM,APAC
5760,Person 5760,90,user5760@example.com,2024-01-01,2024-06-01,LEGACY_A,BATCH,EU
5761,Person 5761,35,user5761@example.com,2024-01-01,2024-06-01,MODERN,STREAM,US
5762,Person 5762,67,user5762@example.com,2024-01-01,2024-06-01,MODERN,STREAM,UK
5763,Person 5763,43,user5763@example.com,2024-01-01,2024-06-01,MODERN,STREAM,APAC
5764,Person 5764,-2,user5764@example.com,2024-01-01,2024-06-01,MODERN,STREAM,EU
5765,Person 5765,53,user5765@example.com,2024-01-01,2024-06-01,MODERN,STREAM,US
5766,Person 5766,50,user5766@example.com,2024-01-01,2024-06-01,MODERN,STREAM,UK
5767,Person 5767,81,user5767@example.com,2024-01-01,2024-06-01,MODERN,STREAM,APAC
5768,Person 5768,-10,user5768@example.com,2024-01-01,2024-06-01,MODERN,STREAM,EU
5769,Person 5769,61,user5769@example.com,2024-01-01,2024-06-01,MODERN,STREAM,US
5770,Person 5770,76,user5770@example.com,2024-01-01,2024-06-01,MODERN,STREAM,UK
5771,Person 5771,73,user5771@example.com,2024-01-01,2024-06-01,MODERN,STREAM,APAC
5772,Person 5772,515,user5772@example.com,2024-01-01,2024-06-01,MODERN,STREAM,EU
5773,Person 5773,40,user5773-example.com,2024-01-01,2024-06-01,MODERN,STREAM,US
5774,Person 5774,75,user5774@example.com,2024-01-01,2024-06-01,LEGACY_A,BATCH,UK
5775,Person 5775,47,user5775@example.com,2024-01-01,2024-06-01,MODERN,STREAM,APAC
5776,Person 5776,80,user5776@example.com,2024-01-01,2024-06-01,MODERN,STREAM,EU
5777,Person 5777,49,user5777@example.com,2024-01-01,2024-06-01,MODERN,STREAM,US
5778,Person 5778,48,user5778@example.com,2024-06-01,2024-01-01,LEGACY_A,BATCH,UK
5779,Person 5779,30,user5779@example.com,2024-01-01,2024-06-01,LEGACY_A,BATCH,APAC
5780,Person 5780,34,user5780@example.com,2024-01-01,2024-06-01,MODERN,STREAM,EU
5781,Person 5781,59,user5781@example.com,2024-01-01,2024-06-01,MODERN,STREAM,US
5782,Person 5782,68,user5782@example.com,2024-01-01,2024-06-01,MODERN,STREAM,UK
5783,Person 5783,42,user5783@example.com,2024-01-01,2024-06-01,MODERN,STREAM,APAC
5784,Person 5784,55,user5784@example.com,2024-01-01,2024-06-01,MODERN,STREAM,EU
5785,Person 5785,55,user5785@example.com,2024-01-01,2024-06-01,MODERN,STREAM,US
5786,Person 5786,58,user5786@example.com,2024-01-01,2024-06-01,MODERN,STREAM,UK
5787,Person 5787,964,user5787@example.com,2024-01-01,2024-06-01,MODERN,STREAM,APAC
5788,Person 5788,756,user5788@example.com,2024-01-01,2024-06-01,MODERN,STREAM,EU
5789,Person 5789,997,user5789@example.com,2024-01-01,2024-06-01,MODERN,STREAM,US
5790,Person 5790,87,user5790@example.com,2024-01-01,2024-06-01,LEGACY_A,BATCH,UK
5791,Person 5791,86,user5791@example.com,2024-01-01,2024-06-01,MODERN,STREAM,APAC
5792,Person 5792,56,user5792@example.com,2024-01-01,2024-06-01,MODERN,STREAM,EU
5793,Person 5793,208,user5793@example.com,2024-01-01,2024-06-01,MODERN,STREAM,US
5794,Person 5794,58,user5794@example.com,2024-01-01,2024-06-01,MODERN,STREAM,UK
5795,Person 5795,36,user5795-example.com,2024-01-01,2024-06-01,MODERN,STREAM,APAC
5796,Person 5796,,user5796@example.com,2024-01-01,2024-06-01,MODERN,STREAM,EU
5797,Person 5797,83,user5797@example.com,2024-01-01,2024-06-01,MODERN,STREAM,US
5798,Person 5798,88,user5798@example.com,2024-01-01,2024-06-01,MODERN,STREAM,UK
5799,Person 5799,76,user5799-example.com,2024-01-01,2024-06-01,MODERN,STREAM,APAC
5800,Person 5800,38,user5800@example.com,2024-01-01,2024-06-01,MODERN,STREAM,EU
5801,Person 5801,63,user5801@example.com,2024-01-01,2024-06-01,MODERN,STREAM,US
5802,Person 5802,80,user5802@example.com,2024-01-01,2024-06-01,LEGACY_A,BATCH,UK
5803,Person 5803,39,user5803@example.com,2024-01-01,2024-06-01,LEGACY_A,BATCH,APAC
5804,Person 5804,26,user5804-example.com,2024-01-01,2024-06-01,MODERN,STREAM,EU
5805,Person 5805,56,user5805@example.com,2024-01-01,2024-06-01,MODERN,STREAM,US
5806,Person 5806,28,user5806@example.com,2024-01-01,2024-06-01,MODERN,STREAM,UK
5807,Person 5807,34,user5807@example.com,2024-01-01,2024-06-01,MODERN,STREAM,APAC
5808,Person 5808,80,user5808@example.com,2024-01-01,2024-06-01,MODERN,STREAM,EU
5809,Person 5809,35,user5809@example.com,2024-01-01,2024-06-01,MODERN,STREAM,US
5810,Person 5810,22,user5810-example.com,2024-01-01,2024-06-01,MODERN,STREAM,UK
5811,Person 5811,52,user5811@example.com,2024-01-01,2024-06-01,MODERN,STREAM,APAC
5812,Person 5812,39,user5812@example.com,2024-06-01,2024-01-01,MODERN,STREAM,EU
5813,Person 5813,82,user5813@example.com,2024-01-01,2024-06-01,MODERN,STREAM,US
5814,Person 5814,21,user5814@example.com,2024-01-01,2024-06-01,MODERN,STREAM,UK
5815,Person 5815,24,user5815@example.com,2024-01-01,2024-06-01,MODERN,STREAM,APAC
5816,Person 5816,26,user5816@example.com,2024-01-01,2024-06-01,MODERN,STREAM,EU
5817,Person 5817,31,user5817@example.com,2024-01-01,2024-06-01,MODERN,STREAM,US
5818,Person 5818,72,user5818@example.com,2024-01-01,2024-06-01,MODERN,STREAM,UK
5819,Person 5819,-32,user5819@example.com,2024-01-01,2024-06-01,MODERN,STREAM,APAC
5820,Person 5820,905,user5820@example.com,2024-01-01,2024-06-01,MODERN,STREAM,EU
5821,Person 5821,63,user5821@example.com,2024-01-01,2024-06-01,MODERN,STREAM,US
5822,Person 5822,66,user5822@example.com,2024-01-01,2024-06-01,MODERN,STREAM,UK
5823,Person 5823,84,user5823@example.com,2024-01-01,2024-06-01,MODERN,STREAM,APAC
5824,Person 5824,21,user5824@example.com,2024-01-01,2024-06-01,MODERN,STREAM,EU
5825,Person 5825,58,user5825@example.com,2024-01-01,2024-06-01,MODERN,STREAM,US
5826,Person 5826,67,user5826@example.com,2024-01-01,2024-06-01,MODERN,STREAM,UK
5827,Person 5827,35,user5827@example.com,2024-01-01,2024-06-01,MODERN,STREAM,APAC
5828,Person 5828,693,user5828@example.com,2024-01-01,2024-06-01,MODERN,STREAM,EU
5829,Person 5829,31,user5829@example.com,2024-01-01,2024-06-01,LEGACY_A,BATCH,US
5830,Person 5830,45,user5830@example.com,2024-01-01,2024-06-01,MODERN,STREAM,UK
5831,Person 5831,54,user5831@example.com,2024-01-01,2024-06-01,MODERN,STREAM,APAC
5832,Person 5832,84,user5832@example.com,2024-01-01,2024-06-01,MODERN,STREAM,EU
5833,Person 5833,48,user5833@example.com,2024-01-01,2024-06-01,MODERN,STREAM,US
5834,Person 5834,69,user5834@example.com,2024-01-01,2024-06-01,MODERN,STREAM,UK
5835,Person 5835,20,user5835@example.com,2024-01-01,2024-06-01,MODERN,STREAM,APAC
5836,Person 5836,-8,user5836@example.com,2024-01-01,2024-06-01,MODERN,STREAM,EU
5837,Person 5837,89,user5837@example.com,2024-06-01,2024-01-01,LEGACY_A,BATCH,US
5838,Person 5838,856,user5838@example.com,2024-01-01,2024-06-01,MODERN,STREAM,UK
5839,Person 5839,22,user5839@example.com,2024-01-01,2024-06-01,MODERN,STREAM,APAC
5840,Person 5840,19,user5840@example.com,2024-01-01,2024-06-01,MODERN,STREAM,EU
5841,Person 5841,78,user5841@example.com,2024-01-01,2024-06-01,MODERN,STREAM,US
5842,Person 5842,20,user5842@example.com,2024-01-01,2024-06-01,MODERN,STREAM,UK
5843,Person 5843,31,user5843@example.com,2024-01-01,2024-06-01,MODERN,STREAM,APAC
5844,Person 5844,54,user5844@example.com,2024-01-01,2024-06-01,LEGACY_A,BATCH,EU
5845,Person 5845,72,user5845@example.com,2024-01-01,2024-06-01,MODERN,STREAM,US
5846,Person 5846,25,user5846@example.com,2024-01-01,2024-06-01,MODERN,STREAM,UK
5847,Person 5847,55,user5847@example.com,2024-01-01,2024-06-01,LEGACY_A,BATCH,APAC
5848,Person 5848,41,user5848@example.com,2024-01-01,2024-06-01,MODERN,STREAM,EU
5849,Person 5849,53,user5849@example.com,2024-01-01,2024-06-01,MODERN,STREAM,US
5850,Person 5850,22,user5850@example.com,2024-01-01,2024-06-01,MODERN,STREAM,UK
5851,Person 5851,51,user5851@example.com,2024-01-01,2024-06-01,MODERN,STREAM,APAC
5852,Person 5852,71,user5852@example.com,2024-01-01,2024-06-01,MODERN,STREAM,EU
5853,Person 5853,80,user5853@example.com,2024-01-01,2024-06-01,MODERN,STREAM,US
5854,Person 5854,87,user5854@example.com,2024-01-01,2024-06-01,MODERN,STREAM,UK
5855,Person 5855,79,user5855@example.com,2024-01-01,2024-06-01,LEGACY_A,BATCH,APAC
5856,Person 5856,49,user5856@example.com,2024-01-01,2024-06-01,MODERN,STREAM,EU
5857,Person 5857,42,user5857@example.com,2024-01-01,2024-06-01,MODERN,STREAM,US
5858,Person 5858,73,user5858@example.com,2024-01-01,2024-06-01,MODERN,STREAM,UK
5859,Person 5859,43,user5859@example.com,2024-01-01,2024-06-01,MODERN,STREAM,APAC
5860,Person 5860,50,user5860@example.com,2024-01-01,2024-06-01,MODERN,STREAM,EU
5861,Person 5861,21,user5861@example.com,2024-01-01,2024-06-01,MODERN,STREAM,US
5862,Person 5862,72,user5862@example.com,2024-01-01,2024-06-01,MODERN,STREAM,UK
5863,Person 5863,60,user5863@example.com,2024-01-01,2024-06-01,LEGACY_A,BATCH,APAC
5864,Person 5864,43,user5864@example.com,2024-01-01,2024-06-01,MODERN,STREAM,EU
5865,Person 5865,993,user5865@example.com,2024-01-01,2024-06-01,MODERN,STREAM,US
5866,Person 5866,35,user5866@example.com,2024-01-01,2024-06-01,MODERN,STREAM,UK
5867,Person 5867,64,user5867@example.com,2024-01-01,2024-06-01,MODERN,STREAM,APAC
5868,Person 5868,37,user5868-example.com,2024-01-01,2024-06-01,MODERN,STREAM,EU
5869,Person 5869,73,user5869@example.com,2024-01-01,2024-06-01,MODERN,STREAM,US
5870,Person 5870,65,user5870@example.com,2024-01-01,2024-06-01,MODERN,STREAM,UK
5871,Person 5871,74,user5871@example.com,2024-01-01,2024-06-01,MODERN,STREAM,APAC
5872,Person 5872,19,user5872@example.com,2024-01-01,2024-06-01,MODERN,STREAM,EU
5873,Person 5873,79,user5873@example.com,2024-01-01,2024-06-01,MODERN,STREAM,US
5874,Person 5874,24,user5874@example.com,2024-01-01,2024-06-01,LEGACY_A,BATCH,UK
5875,Person 5875,44,user5875@example.com,2024-01-01,2024-06-01,MODERN,STREAM,APAC
5876,Person 5876,,user5876@example.com,2024-01-01,2024-06-01,MODERN,STREAM,EU
5877,Person 5877,72,user5877@example.com,2024-01-01,2024-06-01,MODERN,STREAM,US
5878,Person 5878,272,user5878@example.com,2024-01-01,2024-06-01,MODERN,STREAM,UK
5879,Person 5879,44,user5879@example.com,2024-01-01,2024-06-01,MODERN,STREAM,APAC
5880,Person 5880,-16,user5880@example.com,2024-01-01,2024-06-01,LEGACY_A,BATCH,EU
5881,Person 5881,75,user5881@example.com,2024-01-01,2024-06-01,MODERN,STREAM,US
5882,Person 5882,28,user5882@example.com,2024-01-01,2024-06-01,MODERN,STREAM,UK
5883,Person 5883,35,user5883@example.com,2024-01-01,2024-06-01,MODERN,STREAM,APAC
5884,Person 5884,84,user5884@example.com,2024-01-01,2024-06-01,MODERN,STREAM,EU
5885,Person 5885,26,user5885@example.com,2024-01-01,2024-06-01,MODERN,STREAM,US
5886,Person 5886,36,user5886@example.com,2024-01-01,2024-06-01,MODERN,STREAM,UK
5887,Person 5887,72,user5887@example.com,2024-01-01,2024-06-01,MODERN,STREAM,APAC
5888,Person 5888,24,user5888@example.com,2024-01-01,2024-06-01,MODERN,STREAM,EU
5889,Person 5889,79,user5889@example.com,2024-01-01,2024-06-01,MODERN,STREAM,US
5890,Person 5890,42,user5890@example.com,2024-01-01,2024-06-01,MODERN,STREAM,UK
5891,Person 5891,37,user5891@example.com,2024-01-01,2024-06-01,MODERN,STREAM,APAC
5892,Person 5892,27,user5892@example.com,2024-01-01,2024-06-01,MODERN,STREAM,EU
5893,Person 5893,42,user5893@example.com,2024-01-01,2024-06-01,MODERN,STREAM,US
5894,Person 5894,39,user5894@example.com,2024-01-01,2024-06-01,MODERN,STREAM,UK
5895,Person 5895,48,user5895@example.com,2024-01-01,2024-06-01,MODERN,STREAM,APAC
5896,Person 5896,60,user5896@example.com,2024-01-01,2024-06-01,LEGACY_A,BATCH,EU
5897,Person 5897,80,user5897@example.com,2024-01-01,2024-06-01,MODERN,STREAM,US
5898,Person 5898,78,user5898@example.com,2024-01-01,2024-06-01,MODERN,STREAM,UK
5899,Person 5899,55,user5899@example.com,2024-01-01,2024-06-01,LEGACY_A,BATCH,APAC
5900,Person 5900,42,user5900@example.com,2024-01-01,2024-06-01,MODERN,STREAM,EU
5901,Person 5901,32,user5901@example.com,2024-01-01,2024-06-01,MODERN,STREAM,US
5902,Person 5902,38,user5902@example.com,2024-01-01,2024-06-01,MODERN,STREAM,UK
5903,Person 5903,71,user5903@example.com,2024-06-01,2024-01-01,MODERN,STREAM,APAC
5904,Person 5904,74,user5904@example.com,2024-01-01,2024-06-01,MODERN,STREAM,EU
5905,Person 5905,63,user5905@example.com,2024-01-01,2024-06-01,MODERN,STREAM,US
5906,Person 5906,46,user5906@example.com,2024-01-01,2024-06-01,LEGACY_A,BATCH,UK
5907,Person 5907,25,user5907@example.com,2024-01-01,2024-06-01,MODERN,STREAM,APAC
5908,Person 5908,37,user5908@example.com,2024-01-01,2024-06-01,LEGACY_A,BATCH,EU
5909,Person 5909,90,user5909@example.com,2024-01-01,2024-06-01,MODERN,STREAM,US
5910,Person 5910,55,user5910@example.com,2024-01-01,2024-06-01,LEGACY_A,BATCH,UK
5911,Person 5911,50,user5911@example.com,2024-01-01,2024-06-01,MODERN,STREAM,APAC
5912,Person 5912,21,user5912@example.com,2024-01-01,2024-06-01,MODERN,STREAM,EU
5913,Person 5913,76,user5913@example.com,2024-01-01,2024-06-01,MODERN,STREAM,US
5914,Person 5914,69,user5914@example.com,2024-01-01,2024-06-01,MODERN,STREAM,UK
5915,Person 5915,64,user5915@example.com,2024-01-01,2024-06-01,MODERN,STREAM,APAC
5916,Person 5916,33,user5916@example.com,2024-01-01,2024-06-01,MODERN,STREAM,EU
5917,Person 5917,28,user5917@example.com,2024-01-01,2024-06-01,MODERN,STREAM,US
5918,Person 5918,72,user5918-example.com,2024-01-01,2024-06-01,MODERN,STREAM,UK
5919,Person 5919,25,user5919@example.com,2024-01-01,2024-06-01,MODERN,STREAM,APAC
5920,Person 5920,88,user5920@example.com,2024-01-01,2024-06-01,MODERN,STREAM,EU
5921,Person 5921,47,user5921@example.com,2024-01-01,2024-06-01,MODERN,STREAM,US
5922,Person 5922,-18,user5922@example.com,2024-01-01,2024-06-01,MODERN,STREAM,UK
5923,Person 5923,36,user5923@example.com,2024-01-01,2024-06-01,MODERN,STREAM,APAC
5924,Person 5924,20,user5924@example.com,2024-01-01,2024-06-01,MODERN,STREAM,EU
5925,Person 5925,91,user5925@example.com,2024-01-01,2024-06-01,MODERN,STREAM,US
5926,Person 5926,48,user5926-example.com,2024-01-01,2024-06-01,MODERN,STREAM,UK
5927,Person 5927,-5,user5927@example.com,2024-01-01,2024-06-01,MODERN,STREAM,APAC
5928,Person 5928,-11,user5928@example.com,2024-01-01,2024-06-01,MODERN,STREAM,EU
5929,Person 5929,66,user5929@example.com,2024-06-01,2024-01-01,MODERN,STREAM,US
5930,Person 5930,80,user5930@example.com,2024-01-01,2024-06-01,MODERN,STREAM,UK
5931,Person 5931,35,user5931-example.com,2024-01-01,2024-06-01,MODERN,STREAM,APAC
5932,Person 5932,26,user5932@example.com,2024-01-01,2024-06-01,LEGACY_A,BATCH,EU
5933,Person 5933,86,user5933@example.com,2024-01-01,2024-06-01,MODERN,STREAM,US
5934,Person 5934,48,user5934@example.com,2024-01-01,2024-06-01,LEGACY_A,BATCH,UK
5935,Person 5935,86,user5935@example.com,2024-01-01,2024-06-01,MODERN,STREAM,APAC
5936,Person 5936,81,user5936@example.com,2024-01-01,2024-06-01,MODERN,STREAM,EU
5937,Person 5937,76,user5937@example.com,2024-01-01,2024-06-01,MODERN,STREAM,US
5938,Person 5938,60,user5938@example.com,2024-01-01,2024-06-01,MODERN,STREAM,UK
5939,Person 5939,947,user5939@example.com,2024-01-01,2024-06-01,MODERN,STREAM,APAC
5940,Person 5940,39,user5940@example.com,2024-01-01,2024-06-01,MODERN,STREAM,EU
5941,Person 5941,28,user5941@example.com,2024-01-01,2024-06-01,MODERN,STREAM,US
5942,Person 5942,81,user5942@example.com,2024-01-01,2024-06-01,MODERN,STREAM,UK
5943,Person 5943,46,user5943@example.com,2024-01-01,2024-06-01,MODERN,STREAM,APAC
5944,Person 5944,91,user5944@example.com,2024-01-01,2024-06-01,MODERN,STREAM,EU
5945,Person 5945,-19,user5945@example.com,2024-01-01,2024-06-01,MODERN,STREAM,US
5946,Person 5946,91,user5946@example.com,2024-01-01,2024-06-01,MODERN,STREAM,UK
5947,Person 5947,89,user5947@example.com,2024-01-01,2024-06-01,MODERN,STREAM,APAC
5948,Person 5948,83,user5948@example.com,2024-01-01,2024-06-01,MODERN,STREAM,EU
5949,Person 5949,62,user5949@example.com,2024-01-01,2024-06-01,MODERN,STREAM,US
5950,Person 5950,38,user5950@example.com,2024-01-01,2024-06-01,MODERN,STREAM,UK
5951,Person 5951,987,user5951@example.com,2024-01-01,2024-06-01,MODERN,STREAM,APAC
5952,Person 5952,39,user5952@example.com,2024-01-01,2024-06-01,MODERN,STREAM,EU
5953,Person 5953,28,user5953@example.com,2024-01-01,2024-06-01,MODERN,STREAM,US
5954,Person 5954,27,user5954@example.com,2024-01-01,2024-06-01,MODERN,STREAM,UK
5955,Person 5955,34,user5955@example.com,2024-01-01,2024-06-01,MODERN,STREAM,APAC
5956,Person 5956,43,user5956@example.com,2024-01-01,2024-06-01,MODERN,STREAM,EU
5957,Person 5957,47,user5957@example.com,2024-06-01,2024-01-01,MODERN,STREAM,US
5958,Person 5958,31,user5958@example.com,2024-01-01,2024-06-01,MODERN,STREAM,UK
5959,Person 5959,43,user5959@example.com,2024-01-01,2024-06-01,MODERN,STREAM,APAC
5960,Person 5960,61,user5960@example.com,2024-01-01,2024-06-01,MODERN,STREAM,EU
5961,Person 5961,74,user5961@example.com,2024-01-01,2024-06-01,MODERN,STREAM,US
5962,Person 5962,76,user5962@example.com,2024-01-01,2024-06-01,MODERN,STREAM,UK
5963,Person 5963,58,user5963@example.com,2024-01-01,2024-06-01,MODERN,STREAM,APAC
5964,Person 5964,34,user5964-example.com,2024-01-01,2024-06-01,MODERN,STREAM,EU
5965,Person 5965,32,user5965@example.com,2024-01-01,2024-06-01,MODERN,STREAM,US
5966,Person 5966,62,user5966-example.com,2024-01-01,2024-06-01,MODERN,STREAM,UK
5967,Person 5967,65,user5967-example.com,2024-01-01,2024-06-01,MODERN,STREAM,APAC
5968,Person 5968,20,user5968@example.com,2024-01-01,2024-06-01,MODERN,STREAM,EU
5969,Person 5969,71,user5969@example.com,2024-01-01,2024-06-01,LEGACY_A,BATCH,US
5970,Person 5970,61,user5970@example.com,2024-01-01,2024-06-01,MODERN,STREAM,UK
5971,Person 5971,29,user5971@example.com,2024-01-01,2024-06-01,MODERN,STREAM,APAC
5972,Person 5972,41,user5972-example.com,2024-01-01,2024-06-01,MODERN,STREAM,EU
5973,Person 5973,48,user5973@example.com,2024-01-01,2024-06-01,MODERN,STREAM,US
5974,Person 5974,18,user5974@example.com,2024-01-01,2024-06-01,MODERN,STREAM,UK
5975,Person 5975,48,user5975@example.com,2024-01-01,2024-06-01,MODERN,STREAM,APAC
5976,Person 5976,56,user5976@example.com,2024-01-01,2024-06-01,MODERN,STREAM,EU
5977,Person 5977,46,user5977@example.com,2024-01-01,2024-06-01,MODERN,STREAM,US
5978,Person 5978,29,user5978@example.com,2024-01-01,2024-06-01,MODERN,STREAM,UK
5979,Person 5979,36,user5979@example.com,2024-01-01,2024-06-01,MODERN,STREAM,APAC
5980,Person 5980,60,user5980@example.com,2024-01-01,2024-06-01,MODERN,STREAM,EU
5981,Person 5981,44,user5981@example.com,2024-01-01,2024-06-01,MODERN,STREAM,US
5982,Person 5982,56,user5982@example.com,2024-01-01,2024-06-01,MODERN,STREAM,UK
5983,Person 5983,65,user5983@example.com,2024-01-01,2024-06-01,MODERN,STREAM,APAC
5984,Person 5984,19,user5984@example.com,2024-01-01,2024-06-01,MODERN,STREAM,EU
5985,Person 5985,67,user5985@example.com,2024-01-01,2024-06-01,MODERN,STREAM,US
5986,Person 5986,52,user5986@example.com,2024-01-01,2024-06-01,MODERN,STREAM,UK
5987,Person 5987,39,user5987-example.com,2024-01-01,2024-06-01,MODERN,STREAM,APAC
5988,Person 5988,35,user5988@example.com,2024-01-01,2024-06-01,LEGACY_A,BATCH,EU
5989,Person 5989,67,user5989@example.com,2024-01-01,2024-06-01,MODERN,STREAM,US
5990,Person 5990,32,user5990@example.com,2024-01-01,2024-06-01,MODERN,STREAM,UK
5991,Person 5991,63,user5991@example.com,2024-01-01,2024-06-01,MODERN,STREAM,APAC
5992,Person 5992,55,user5992@example.com,2024-01-01,2024-06-01,MODERN,STREAM,EU
5993,Person 5993,23,user5993@example.com,2024-01-01,2024-06-01,MODERN,STREAM,US
5994,Person 5994,45,user5994@example.com,2024-01-01,2024-06-01,LEGACY_A,BATCH,UK
5995,Person 5995,23,user5995@example.com,2024-01-01,2024-06-01,MODERN,STREAM,APAC
5996,Person 5996,66,user5996@example.com,2024-01-01,2024-06-01,MODERN,STREAM,EU
5997,Person 5997,39,user5997@example.com,2024-01-01,2024-06-01,MODERN,STREAM,US
5998,Person 5998,47,user5998@example.com,2024-01-01,2024-06-01,MODERN,STREAM,UK
5999,Person 5999,25,user5999@example.com,2024-01-01,2024-06-01,LEGACY_A,BATCH,APAC
6000,Person 6000,85,user6000@example.com,2024-01-01,2024-06-01,MODERN,STREAM,EU
6001,Person 6001,68,user6001@example.com,2024-01-01,2024-06-01,MODERN,STREAM,US
6002,Person 6002,53,user6002@example.com,2024-01-01,2024-06-01,MODERN,STREAM,UK
6003,Person 6003,51,user6003@example.com,2024-01-01,2024-06-01,LEGACY_A,BATCH,APAC
6004,Person 6004,58,user6004@example.com,2024-01-01,2024-06-01,MODERN,STREAM,EU
6005,Person 6005,59,user6005@example.com,2024-06-01,2024-01-01,MODERN,STREAM,US
6006,Person 6006,,user6006@example.com,2024-01-01,2024-06-01,MODERN,STREAM,UK
6007,Person 6007,,user6007@example.com,2024-01-01,2024-06-01,LEGACY_A,BATCH,APAC
6008,Person 6008,36,user6008@example.com,2024-01-01,2024-06-01,MODERN,STREAM,EU
6009,Person 6009,41,user6009@example.com,2024-01-01,2024-06-01,MODERN,STREAM,US
6010,Person 6010,439,user6010@example.com,2024-01-01,2024-06-01,MODERN,STREAM,UK
6011,Person 6011,85,user6011@example.com,2024-01-01,2024-06-01,MODERN,STREAM,APAC
6012,Person 6012,23,user6012@example.com,2024-01-01,2024-06-01,LEGACY_A,BATCH,EU
6013,Person 6013,794,user6013@example.com,2024-01-01,2024-06-01,MODERN,STREAM,US
6014,Person 6014,21,user6014-example.com,2024-01-01,2024-06-01,MODERN,STREAM,UK
6015,Person 6015,40,user6015@example.com,2024-01-01,2024-06-01,MODERN,STREAM,APAC
6016,Person 6016,31,user6016@example.com,2024-01-01,2024-06-01,MODERN,STREAM,EU
6017,Person 6017,45,user6017@example.com,2024-01-01,2024-06-01,MODERN,STREAM,US
6018,Person 6018,39,user6018@example.com,2024-01-01,2024-06-01,MODERN,STREAM,UK
6019,Person 6019,22,user6019@example.com,2024-01-01,2024-06-01,MODERN,STREAM,APAC
6020,Person 6020,,user6020@example.com,2024-01-01,2024-06-01,MODERN,STREAM,EU
6021,Person 6021,54,user6021@example.com,2024-06-01,2024-01-01,MODERN,STREAM,US
6022,Person 6022,56,user6022@example.com,2024-01-01,2024-06-01,MODERN,STREAM,UK
6023,Person 6023,58,user6023@example.com,2024-01-01,2024-06-01,MODERN,STREAM,APAC
6024,Person 6024,49,user6024@example.com,2024-01-01,2024-06-01,MODERN,STREAM,EU
6025,Person 6025,25,user6025@example.com,2024-01-01,2024-06-01,LEGACY_A,BATCH,US
6026,Person 6026,-29,user6026@example.com,2024-01-01,2024-06-01,MODERN,STREAM,UK
6027,Person 6027,52,user6027@example.com,2024-01-01,2024-06-01,MODERN,STREAM,APAC
6028,Person 6028,46,user6028@example.com,2024-01-01,2024-06-01,MODERN,STREAM,EU
6029,Person 6029,54,user6029@example.com,2024-01-01,2024-06-01,MODERN,STREAM,US
6030,Person 6030,36,user6030@example.com,2024-01-01,2024-06-01,MODERN,STREAM,UK
6031,Person 6031,27,user6031@example.com,2024-01-01,2024-06-01,LEGACY_A,BATCH,APAC
6032,Person 6032,,user6032@example.com,2024-01-01,2024-06-01,MODERN,STREAM,EU
6033,Person 6033,997,user6033@example.com,2024-01-01,2024-06-01,MODERN,STREAM,US
6034,Person 6034,54,user6034@example.com,2024-01-01,2024-06-01,MODERN,STREAM,UK
6035,Person 6035,25,user6035@example.com,2024-01-01,2024-06-01,MODERN,STREAM,APAC
6036,Person 6036,50,user6036-example.com,2024-01-01,2024-06-01,MODERN,STREAM,EU
6037,Person 6037,43,user6037@example.com,2024-01-01,2024-06-01,MODERN,STREAM,US
6038,Person 6038,51,user6038@example.com,2024-01-01,2024-06-01,LEGACY_A,BATCH,UK
6039,Person 6039,37,user6039@example.com,2024-01-01,2024-06-01,MODERN,STREAM,APAC
6040,Person 6040,25,user6040@example.com,2024-01-01,2024-06-01,MODERN,STREAM,EU
6041,Person 6041,76,user6041@example.com,2024-06-01,2024-01-01,MODERN,STREAM,US
6042,Person 6042,49,user6042@example.com,2024-01-01,2024-06-01,MODERN,STREAM,UK
6043,Person 6043,86,user6043@example.com,2024-01-01,2024-06-01,MODERN,STREAM,APAC
6044,Person 6044,84,user6044@example.com,2024-01-01,2024-06-01,MODERN,STREAM,EU
6045,Person 6045,72,user6045@example.com,2024-01-01,2024-06-01,MODERN,STREAM,US
6046,Person 6046,55,user6046-example.com,2024-01-01,2024-06-01,MODERN,STREAM,UK
6047,Person 6047,19,user6047@example.com,2024-01-01,2024-06-01,MODERN,STREAM,APAC
6048,Person 6048,74,user6048@example.com,2024-01-01,2024-06-01,MODERN,STREAM,EU
6049,Person 6049,39,user6049@example.com,2024-01-01,2024-06-01,MODERN,STREAM,US
6050,Person 6050,69,user6050@example.com,2024-01-01,2024-06-01,MODERN,STREAM,UK
6051,Person 6051,85,user6051@example.com,2024-01-01,2024-06-01,MODERN,STREAM,APAC
6052,Person 6052,91,user6052@example.com,2024-01-01,2024-06-01,MODERN,STREAM,EU
6053,Person 6053,82,user6053@example.com,2024-01-01,2024-06-01,MODERN,STREAM,US
6054,Person 6054,51,user6054@example.com,2024-01-01,2024-06-01,LEGACY_A,BATCH,UK
6055,Person 6055,69,user6055@example.com,2024-01-01,2024-06-01,MODERN,STREAM,APAC
6056,Person 6056,54,user6056@example.com,2024-01-01,2024-06-01,MODERN,STREAM,EU
6057,Person 6057,,user6057@example.com,2024-01-01,2024-06-01,LEGACY_A,BATCH,US
6058,Person 6058,44,user6058@example.com,2024-01-01,2024-06-01,MODERN,STREAM,UK
6059,Person 6059,53,user6059@example.com,2024-06-01,2024-01-01,MODERN,STREAM,APAC
6060,Person 6060,20,user6060@example.com,2024-01-01,2024-06-01,MODERN,STREAM,EU
6061,Person 6061,69,user6061@example.com,2024-01-01,2024-06-01,MODERN,STREAM,US
6062,Person 6062,48,user6062@example.com,2024-01-01,2024-06-01,MODERN,STREAM,UK
6063,Person 6063,89,user6063@example.com,2024-01-01,2024-06-01,MODERN,STREAM,APAC
6064,Person 6064,74,user6064@example.com,2024-01-01,2024-06-01,MODERN,STREAM,EU
6065,Person 6065,379,user6065@example.com,2024-01-01,2024-06-01,MODERN,STREAM,US
6066,Person 6066,84,user6066@example.com,2024-01-01,2024-06-01,MODERN,STREAM,UK
6067,Person 6067,91,user6067@example.com,2024-01-01,2024-06-01,LEGACY_A,BATCH,APAC
6068,Person 6068,91,user6068@example.com,2024-01-01,2024-06-01,MODERN,STREAM,EU
6069,Person 6069,61,user6069@example.com,2024-01-01,2024-06-01,MODERN,STREAM,US
6070,Person 6070,67,user6070@example.com,2024-01-01,2024-06-01,MODERN,STREAM,UK
6071,Person 6071,600,user6071@example.com,2024-01-01,2024-06-01,MODERN,STREAM,APAC
6072,Person 6072,86,user6072@example.com,2024-01-01,2024-06-01,MODERN,STREAM,EU
6073,Person 6073,29,user6073@example.com,2024-01-01,2024-06-01,MODERN,STREAM,US
6074,Person 6074,,user6074@example.com,2024-01-01,2024-06-01,MODERN,STREAM,UK
6075,Person 6075,21,user6075@example.com,2024-01-01,2024-06-01,MODERN,STREAM,APAC
6076,Person 6076,31,user6076@example.com,2024-01-01,2024-06-01,MODERN,STREAM,EU
6077,Person 6077,83,user6077@example.com,2024-01-01,2024-06-01,MODERN,STREAM,US
6078,Person 6078,21,user6078@example.com,2024-01-01,2024-06-01,MODERN,STREAM,UK
6079,Person 6079,71,user6079@example.com,2024-01-01,2024-06-01,MODERN,STREAM,APAC
6080,Person 6080,36,user6080@example.com,2024-01-01,2024-06-01,MODERN,STREAM,EU
6081,Person 6081,86,user6081@example.com,2024-01-01,2024-06-01,LEGACY_A,BATCH,US
6082,Person 6082,38,user6082@example.com,2024-01-01,2024-06-01,MODERN,STREAM,UK
6083,Person 6083,32,user6083@example.com,2024-01-01,2024-06-01,LEGACY_A,BATCH,APAC
6084,Person 6084,38,user6084@example.com,2024-06-01,2024-01-01,MODERN,STREAM,EU
6085,Person 6085,89,user6085@example.com,2024-06-01,2024-01-01,MODERN,STREAM,US
6086,Person 6086,85,user6086@example.com,2024-01-01,2024-06-01,MODERN,STREAM,UK
6087,Person 6087,-34,user6087@example.com,2024-01-01,2024-06-01,MODERN,STREAM,APAC
6088,Person 6088,47,user6088@example.com,2024-01-01,2024-06-01,MODERN,STREAM,EU
6089,Person 6089,40,user6089@example.com,2024-01-01,2024-06-01,MODERN,STREAM,US
6090,Person 6090,57,user6090@example.com,2024-01-01,2024-06-01,MODERN,STREAM,UK
6091,Person 6091,59,user6091@example.com,2024-01-01,2024-06-01,MODERN,STREAM,APAC
6092,Person 6092,87,user6092@example.com,2024-01-01,2024-06-01,MODERN,STREAM,EU
6093,Person 6093,65,user6093@example.com,2024-01-01,2024-06-01,MODERN,STREAM,US
6094,Person 6094,40,user6094@example.com,2024-01-01,2024-06-01,MODERN,STREAM,UK
6095,Person 6095,43,user6095@example.com,2024-01-01,2024-06-01,MODERN,STREAM,APAC
6096,Person 6096,48,user6096@example.com,2024-01-01,2024-06-01,MODERN,STREAM,EU
6097,Person 6097,30,user6097@example.com,2024-01-01,2024-06-01,MODERN,STREAM,US
6098,Person 6098,18,user6098@example.com,2024-01-01,2024-06-01,MODERN,STREAM,UK
6099,Person 6099,25,user6099@example.com,2024-01-01,2024-06-01,LEGACY_A,BATCH,APAC
6100,Person 6100,32,user6100@example.com,2024-01-01,2024-06-01,LEGACY_A,BATCH,EU
6101,Person 6101,84,user6101@example.com,2024-01-01,2024-06-01,MODERN,STREAM,US
6102,Person 6102,-35,user6102@example.com,2024-01-01,2024-06-01,MODERN,STREAM,UK
6103,Person 6103,26,user6103@example.com,2024-01-01,2024-06-01,MODERN,STREAM,APAC
6104,Person 6104,42,user6104@example.com,2024-01-01,2024-06-01,MODERN,STREAM,EU
6105,Person 6105,19,user6105@example.com,2024-01-01,2024-06-01,MODERN,STREAM,US
6106,Person 6106,70,user6106@example.com,2024-01-01,2024-06-01,MODERN,STREAM,UK
6107,Person 6107,42,user6107@example.com,2024-01-01,2024-06-01,MODERN,STREAM,APAC
6108,Person 6108,46,user6108@example.com,2024-01-01,2024-06-01,MODERN,STREAM,EU
6109,Person 6109,19,user6109@example.com,2024-01-01,2024-06-01,MODERN,STREAM,US
6110,Person 6110,922,user6110@example.com,2024-01-01,2024-06-01,MODERN,STREAM,UK
6111,Person 6111,55,user6111@example.com,2024-01-01,2024-06-01,MODERN,STREAM,APAC
6112,Person 6112,59,user6112@example.com,2024-01-01,2024-06-01,LEGACY_A,BATCH,EU
6113,Person 6113,82,user6113@example.com,2024-01-01,2024-06-01,MODERN,STREAM,US
6114,Person 6114,82,user6114@example.com,2024-01-01,2024-06-01,MODERN,STREAM,UK
6115,Person 6115,38,user6115@example.com,2024-01-01,2024-06-01,MODERN,STREAM,APAC
6116,Person 6116,40,user6116@example.com,2024-01-01,2024-06-01,LEGACY_A,BATCH,EU
6117,Person 6117,,user6117@example.com,2024-01-01,2024-06-01,MODERN,STREAM,US
6118,Person 6118,86,user6118@example.com,2024-01-01,2024-06-01,MODERN,STREAM,UK
6119,Person 6119,84,user6119-example.com,2024-01-01,2024-06-01,MODERN,STREAM,APAC
6120,Person 6120,91,user6120@example.com,2024-01-01,2024-06-01,MODERN,STREAM,EU
6121,Person 6121,26,user6121@example.com,2024-01-01,2024-06-01,MODERN,STREAM,US
6122,Person 6122,65,user6122@example.com,2024-01-01,2024-06-01,MODERN,STREAM,UK
6123,Person 6123,52,user6123@example.com,2024-01-01,2024-06-01,MODERN,STREAM,APAC
6124,Person 6124,29,user6124@example.com,2024-01-01,2024-06-01,MODERN,STREAM,EU
6125,Person 6125,31,user6125@example.com,2024-01-01,2024-06-01,MODERN,STREAM,US
6126,Person 6126,68,user6126@example.com,2024-01-01,2024-06-01,MODERN,STREAM,UK
6127,Person 6127,88,user6127@example.com,2024-01-01,2024-06-01,MODERN,STREAM,APAC
6128,Person 6128,,user6128@example.com,2024-01-01,2024-06-01,MODERN,STREAM,EU
6129,Person 6129,63,user6129@example.com,2024-01-01,2024-06-01,MODERN,STREAM,US
6130,Person 6130,51,user6130@example.com,2024-01-01,2024-06-01,MODERN,STREAM,UK
6131,Person 6131,79,user6131@example.com,2024-01-01,2024-06-01,MODERN,STREAM,APAC
6132,Person 6132,31,user6132@example.com,2024-01-01,2024-06-01,MODERN,STREAM,EU
6133,Person 6133,74,user6133@example.com,2024-01-01,2024-06-01,MODERN,STREAM,US
6134,Person 6134,67,user6134@example.com,2024-01-01,2024-06-01,MODERN,STREAM,UK
6135,Person 6135,55,user6135@example.com,2024-01-01,2024-06-01,MODERN,STREAM,APAC
6136,Person 6136,-31,user6136@example.com,2024-01-01,2024-06-01,MODERN,STREAM,EU
6137,Person 6137,79,user6137@example.com,2024-01-01,2024-06-01,MODERN,STREAM,US
6138,Person 6138,35,user6138@example.com,2024-01-01,2024-06-01,MODERN,STREAM,UK
6139,Person 6139,26,user6139@example.com,2024-01-01,2024-06-01,MODERN,STREAM,APAC
6140,Person 6140,52,user6140@example.com,2024-01-01,2024-06-01,MODERN,STREAM,EU
6141,Person 6141,45,user6141@example.com,2024-01-01,2024-06-01,MODERN,STREAM,US
6142,Person 6142,55,user6142-example.com,2024-01-01,2024-06-01,MODERN,STREAM,UK
6143,Person 6143,622,user6143@example.com,2024-01-01,2024-06-01,MODERN,STREAM,APAC
6144,Person 6144,90,user6144@example.com,2024-01-01,2024-06-01,MODERN,STREAM,EU
6145,Person 6145,762,user6145@example.com,2024-01-01,2024-06-01,MODERN,STREAM,US
6146,Person 6146,33,user6146@example.com,2024-01-01,2024-06-01,MODERN,STREAM,UK
6147,Person 6147,75,user6147@example.com,2024-01-01,2024-06-01,MODERN,STREAM,APAC
6148,Person 6148,32,user6148@example.com,2024-01-01,2024-06-01,MODERN,STREAM,EU
6149,Person 6149,79,user6149@example.com,2024-01-01,2024-06-01,LEGACY_A,BATCH,US
6150,Person 6150,83,user6150-example.com,2024-01-01,2024-06-01,MODERN,STREAM,UK
6151,Person 6151,20,user6151@example.com,2024-01-01,2024-06-01,MODERN,STREAM,APAC
6152,Person 6152,90,user6152@example.com,2024-01-01,2024-06-01,MODERN,STREAM,EU
6153,Person 6153,55,user6153@example.com,2024-01-01,2024-06-01,MODERN,STREAM,US
6154,Person 6154,32,user6154@example.com,2024-01-01,2024-06-01,MODERN,STREAM,UK
6155,Person 6155,-30,user6155@example.com,2024-01-01,2024-06-01,MODERN,STREAM,APAC
6156,Person 6156,60,user6156@example.com,2024-01-01,2024-06-01,MODERN,STREAM,EU
6157,Person 6157,-11,user6157@example.com,2024-01-01,2024-06-01,MODERN,STREAM,US
6158,Person 6158,37,user6158@example.com,2024-01-01,2024-06-01,MODERN,STREAM,UK
6159,Person 6159,52,user6159@example.com,2024-01-01,2024-06-01,MODERN,STREAM,APAC
6160,Person 6160,45,user6160@example.com,2024-01-01,2024-06-01,MODERN,STREAM,EU
6161,Person 6161,64,user6161@example.com,2024-01-01,2024-06-01,LEGACY_A,BATCH,US
6162,Person 6162,35,user6162@example.com,2024-01-01,2024-06-01,MODERN,STREAM,UK
6163,Person 6163,87,user6163@example.com,2024-01-01,2024-06-01,MODERN,STREAM,APAC
6164,Person 6164,35,user6164-example.com,2024-01-01,2024-06-01,MODERN,STREAM,EU
6165,Person 6165,49,user6165@example.com,2024-01-01,2024-06-01,MODERN,STREAM,US
6166,Person 6166,26,user6166@example.com,2024-01-01,2024-06-01,MODERN,STREAM,UK
6167,Person 6167,24,user6167@example.com,2024-01-01,2024-06-01,MODERN,STREAM,APAC
6168,Person 6168,40,user6168@example.com,2024-01-01,2024-06-01,MODERN,STREAM,EU
6169,Person 6169,19,user6169@example.com,2024-01-01,2024-06-01,MODERN,STREAM,US
6170,Person 6170,47,user6170@example.com,2024-01-01,2024-06-01,MODERN,STREAM,UK
6171,Person 6171,53,user6171@example.com,2024-01-01,2024-06-01,MODERN,STREAM,APAC
6172,Person 6172,85,user6172@example.com,2024-01-01,2024-06-01,MODERN,STREAM,EU
6173,Person 6173,84,user6173@example.com,2024-01-01,2024-06-01,MODERN,STREAM,US
6174,Person 6174,77,user6174@example.com,2024-01-01,2024-06-01,MODERN,STREAM,UK
6175,Person 6175,85,user6175@example.com,2024-01-01,2024-06-01,MODERN,STREAM,APAC
6176,Person 6176,32,user6176@example.com,2024-01-01,2024-06-01,MODERN,STREAM,EU
6177,Person 6177,52,user6177@example.com,2024-01-01,2024-06-01,LEGACY_A,BATCH,US
6178,Person 6178,67,user6178@example.com,2024-01-01,2024-06-01,MODERN,STREAM,UK
6179,Person 6179,56,user6179@example.com,2024-01-01,2024-06-01,LEGACY_A,BATCH,APAC
6180,Person 6180,49,user6180-example.com,2024-01-01,2024-06-01,MODERN,STREAM,EU
6181,Person 6181,78,user6181@example.com,2024-01-01,2024-06-01,MODERN,STREAM,US
6182,Person 6182,30,user6182@example.com,2024-01-01,2024-06-01,MODERN,STREAM,UK
6183,Person 6183,19,user6183@example.com,2024-01-01,2024-06-01,MODERN,STREAM,APAC
6184,Person 6184,18,user6184@example.com,2024-01-01,2024-06-01,MODERN,STREAM,EU
6185,Person 6185,77,user6185@example.com,2024-01-01,2024-06-01,MODERN,STREAM,US
6186,Person 6186,32,user6186@example.com,2024-01-01,2024-06-01,LEGACY_A,BATCH,UK
6187,Person 6187,80,user6187@example.com,2024-01-01,2024-06-01,MODERN,STREAM,APAC
6188,Person 6188,28,user6188@example.com,2024-01-01,2024-06-01,MODERN,STREAM,EU
6189,Person 6189,39,user6189@example.com,2024-01-01,2024-06-01,MODERN,STREAM,US
6190,Person 6190,91,user6190@example.com,2024-01-01,2024-06-01,MODERN,STREAM,UK
6191,Person 6191,36,user6191@example.com,2024-01-01,2024-06-01,LEGACY_A,BATCH,APAC
6192,Person 6192,42,user6192@example.com,2024-01-01,2024-06-01,MODERN,STREAM,EU
6193,Person 6193,80,user6193@example.com,2024-01-01,2024-06-01,MODERN,STREAM,US
6194,Person 6194,78,user6194@example.com,2024-01-01,2024-06-01,LEGACY_A,BATCH,UK
6195,Person 6195,41,user6195@example.com,2024-01-01,2024-06-01,MODERN,STREAM,APAC
6196,Person 6196,67,user6196@example.com,2024-01-01,2024-06-01,MODERN,STREAM,EU
6197,Person 6197,69,user6197@example.com,2024-01-01,2024-06-01,MODERN,STREAM,US
6198,Person 6198,39,user6198@example.com,2024-01-01,2024-06-01,MODERN,STREAM,UK
6199,Person 6199,62,user6199@example.com,2024-01-01,2024-06-01,MODERN,STREAM,APAC
6200,Person 6200,58,user6200@example.com,2024-01-01,2024-06-01,MODERN,STREAM,EU
6201,Person 6201,62,user6201@example.com,2024-01-01,2024-06-01,MODERN,STREAM,US
6202,Person 6202,20,user6202@example.com,2024-01-01,2024-06-01,MODERN,STREAM,UK
6203,Person 6203,21,user6203-example.com,2024-01-01,2024-06-01,MODERN,STREAM,APAC
6204,Person 6204,82,user6204@example.com,2024-01-01,2024-06-01,MODERN,STREAM,EU
6205,Person 6205,42,user6205@example.com,2024-01-01,2024-06-01,LEGACY_A,BATCH,US
6206,Person 6206,76,user6206-example.com,2024-01-01,2024-06-01,MODERN,STREAM,UK
6207,Person 6207,60,user6207@example.com,2024-01-01,2024-06-01,MODERN,STREAM,APAC
6208,Person 6208,71,user6208@example.com,2024-01-01,2024-06-01,MODERN,STREAM,EU
6209,Person 6209,-34,user6209@example.com,2024-01-01,2024-06-01,MODERN,STREAM,US
6210,Person 6210,33,user6210@example.com,2024-01-01,2024-06-01,MODERN,STREAM,UK
6211,Person 6211,22,user6211@example.com,2024-01-01,2024-06-01,MODERN,STREAM,APAC
6212,Person 6212,77,user6212@example.com,2024-01-01,2024-06-01,MODERN,STREAM,EU
6213,Person 6213,33,user6213@example.com,2024-01-01,2024-06-01,MODERN,STREAM,US
6214,Person 6214,76,user6214@example.com,2024-01-01,2024-06-01,MODERN,STREAM,UK
6215,Person 6215,,user6215@example.com,2024-01-01,2024-06-01,MODERN,STREAM,APAC
6216,Person 6216,20,user6216@example.com,2024-06-01,2024-01-01,MODERN,STREAM,EU
6217,Person 6217,88,user6217@example.com,2024-01-01,2024-06-01,MODERN,STREAM,US
6218,Person 6218,68,user6218@example.com,2024-01-01,2024-06-01,MODERN,STREAM,UK
6219,Person 6219,47,user6219@example.com,2024-01-01,2024-06-01,MODERN,STREAM,APAC
6220,Person 6220,291,user6220@example.com,2024-01-01,2024-06-01,MODERN,STREAM,EU
6221,Person 6221,79,user6221@example.com,2024-01-01,2024-06-01,MODERN,STREAM,US
6222,Person 6222,31,user6222@example.com,2024-01-01,2024-06-01,MODERN,STREAM,UK
6223,Person 6223,47,user6223@example.com,2024-01-01,2024-06-01,MODERN,STREAM,APAC
6224,Person 6224,64,user6224@example.com,2024-01-01,2024-06-01,MODERN,STREAM,EU
6225,Person 6225,44,user6225@example.com,2024-01-01,2024-06-01,MODERN,STREAM,US
6226,Person 6226,79,user6226@example.com,2024-01-01,2024-06-01,MODERN,STREAM,UK
6227,Person 6227,23,user6227@example.com,2024-01-01,2024-06-01,MODERN,STREAM,APAC
6228,Person 6228,76,user6228@example.com,2024-01-01,2024-06-01,LEGACY_A,BATCH,EU
6229,Person 6229,54,user6229@example.com,2024-01-01,2024-06-01,LEGACY_A,BATCH,US
6230,Person 6230,28,user6230@example.com,2024-01-01,2024-06-01,MODERN,STREAM,UK
6231,Person 6231,73,user6231@example.com,2024-01-01,2024-06-01,MODERN,STREAM,APAC
6232,Person 6232,,user6232@example.com,2024-01-01,2024-06-01,MODERN,STREAM,EU
6233,Person 6233,479,user6233@example.com,2024-01-01,2024-06-01,MODERN,STREAM,US
6234,Person 6234,35,user6234@example.com,2024-01-01,2024-06-01,MODERN,STREAM,UK
6235,Person 6235,22,user6235@example.com,2024-01-01,2024-06-01,LEGACY_A,BATCH,APAC
6236,Person 6236,24,user6236@example.com,2024-01-01,2024-06-01,MODERN,STREAM,EU
6237,Person 6237,62,user6237@example.com,2024-01-01,2024-06-01,MODERN,STREAM,US
6238,Person 6238,85,user6238@example.com,2024-01-01,2024-06-01,MODERN,STREAM,UK
6239,Person 6239,72,user6239@example.com,2024-01-01,2024-06-01,MODERN,STREAM,APAC
6240,Person 6240,86,user6240@example.com,2024-01-01,2024-06-01,MODERN,STREAM,EU
6241,Person 6241,44,user6241@example.com,2024-01-01,2024-06-01,MODERN,STREAM,US
6242,Person 6242,915,user6242@example.com,2024-01-01,2024-06-01,LEGACY_A,BATCH,UK
6243,Person 6243,50,user6243@example.com,2024-01-01,2024-06-01,MODERN,STREAM,APAC
6244,Person 6244,50,user6244@example.com,2024-01-01,2024-06-01,MODERN,STREAM,EU
6245,Person 6245,72,user6245@example.com,2024-01-01,2024-06-01,MODERN,STREAM,US
6246,Person 6246,34,user6246@example.com,2024-01-01,2024-06-01,MODERN,STREAM,UK
6247,Person 6247,47,user6247@example.com,2024-01-01,2024-06-01,MODERN,STREAM,APAC
6248,Person 6248,20,user6248@example.com,2024-01-01,2024-06-01,MODERN,STREAM,EU
6249,Person 6249,50,user6249@example.com,2024-01-01,2024-06-01,MODERN,STREAM,US
6250,Person 6250,-18,user6250@example.com,2024-01-01,2024-06-01,MODERN,STREAM,UK
6251,Person 6251,76,user6251@example.com,2024-01-01,2024-06-01,MODERN,STREAM,APAC
6252,Person 6252,,user6252@example.com,2024-01-01,2024-06-01,MODERN,STREAM,EU
6253,Person 6253,41,user6253@example.com,2024-01-01,2024-06-01,LEGACY_A,BATCH,US
6254,Person 6254,33,user6254@example.com,2024-01-01,2024-06-01,MODERN,STREAM,UK
6255,Person 6255,71,user6255@example.com,2024-01-01,2024-06-01,MODERN,STREAM,APAC
6256,Person 6256,24,user6256@example.com,2024-01-01,2024-06-01,MODERN,STREAM,EU
6257,Person 6257,53,user6257@example.com,2024-01-01,2024-06-01,MODERN,STREAM,US
6258,Person 6258,68,user6258@example.com,2024-01-01,2024-06-01,MODERN,STREAM,UK
6259,Person 6259,61,user6259@example.com,2024-01-01,2024-06-01,MODERN,STREAM,APAC
6260,Person 6260,78,user6260@example.com,2024-01-01,2024-06-01,MODERN,STREAM,EU
6261,Person 6261,82,user6261@example.com,2024-01-01,2024-06-01,MODERN,STREAM,US
6262,Person 6262,79,user6262@example.com,2024-01-01,2024-06-01,MODERN,STREAM,UK
6263,Person 6263,33,user6263@example.com,2024-01-01,2024-06-01,MODERN,STREAM,APAC
6264,Person 6264,60,user6264@example.com,2024-01-01,2024-06-01,MODERN,STREAM,EU
6265,Person 6265,50,user6265@example.com,2024-01-01,2024-06-01,MODERN,STREAM,US
6266,Person 6266,53,user6266@example.com,2024-01-01,2024-06-01,MODERN,STREAM,UK
6267,Person 6267,68,user6267@example.com,2024-01-01,2024-06-01,MODERN,STREAM,APAC
6268,Person 6268,,user6268@example.com,2024-01-01,2024-06-01,MODERN,STREAM,EU
6269,Person 6269,38,user6269@example.com,2024-01-01,2024-06-01,MODERN,STREAM,US
6270,Person 6270,40,user6270@example.com,2024-01-01,2024-06-01,MODERN,STREAM,UK
6271,Person 6271,44,user6271@example.com,2024-01-01,2024-06-01,MODERN,STREAM,APAC
6272,Person 6272,48,user6272@example.com,2024-01-01,2024-06-01,MODERN,STREAM,EU
6273,Person 6273,23,user6273@example.com,2024-01-01,2024-06-01,MODERN,STREAM,US
6274,Person 6274,222,user6274@example.com,2024-01-01,2024-06-01,MODERN,STREAM,UK
6275,Person 6275,86,user6275@example.com,2024-01-01,2024-06-01,MODERN,STREAM,APAC
6276,Person 6276,91,user6276@example.com,2024-01-01,2024-06-01,MODERN,STREAM,EU
6277,Person 6277,38,user6277@example.com,2024-01-01,2024-06-01,MODERN,STREAM,US
6278,Person 6278,88,user6278@example.com,2024-01-01,2024-06-01,MODERN,STREAM,UK
6279,Person 6279,54,user6279@example.com,2024-01-01,2024-06-01,MODERN,STREAM,APAC
6280,Person 6280,72,user6280@example.com,2024-01-01,2024-06-01,MODERN,STREAM,EU
6281,Person 6281,78,user6281@example.com,2024-01-01,2024-06-01,MODERN,STREAM,US
6282,Person 6282,75,user6282@example.com,2024-01-01,2024-06-01,MODERN,STREAM,UK
6283,Person 6283,45,user6283@example.com,2024-01-01,2024-06-01,MODERN,STREAM,APAC
6284,Person 6284,40,user6284@example.com,2024-01-01,2024-06-01,MODERN,STREAM,EU
6285,Person 6285,37,user6285@example.com,2024-01-01,2024-06-01,MODERN,STREAM,US
6286,Person 6286,34,user6286@example.com,2024-01-01,2024-06-01,MODERN,STREAM,UK
6287,Person 6287,29,user6287@example.com,2024-01-01,2024-06-01,MODERN,STREAM,APAC
6288,Person 6288,30,user6288@example.com,2024-01-01,2024-06-01,MODERN,STREAM,EU
6289,Person 6289,23,user6289@example.com,2024-01-01,2024-06-01,LEGACY_A,BATCH,US
6290,Person 6290,75,user6290@example.com,2024-01-01,2024-06-01,MODERN,STREAM,UK
6291,Person 6291,91,user6291@example.com,2024-01-01,2024-06-01,LEGACY_A,BATCH,APAC
6292,Person 6292,35,user6292@example.com,2024-01-01,2024-06-01,MODERN,STREAM,EU
6293,Person 6293,49,user6293@example.com,2024-01-01,2024-06-01,MODERN,STREAM,US
6294,Person 6294,,user6294@example.com,2024-01-01,2024-06-01,MODERN,STREAM,UK
6295,Person 6295,34,user6295@example.com,2024-01-01,2024-06-01,MODERN,STREAM,APAC
6296,Person 6296,37,user6296@example.com,2024-01-01,2024-06-01,MODERN,STREAM,EU
6297,Person 6297,81,user6297@example.com,2024-01-01,2024-06-01,MODERN,STREAM,US
6298,Person 6298,62,user6298@example.com,2024-01-01,2024-06-01,MODERN,STREAM,UK
6299,Person 6299,47,user6299@example.com,2024-01-01,2024-06-01,MODERN,STREAM,APAC
6300,Person 6300,58,user6300@example.com,2024-01-01,2024-06-01,LEGACY_A,BATCH,EU
6301,Person 6301,58,user6301@example.com,2024-01-01,2024-06-01,MODERN,STREAM,US
6302,Person 6302,60,user6302@example.com,2024-01-01,2024-06-01,MODERN,STREAM,UK
6303,Person 6303,50,user6303-example.com,2024-01-01,2024-06-01,MODERN,STREAM,APAC
6304,Person 6304,44,user6304@example.com,2024-01-01,2024-06-01,MODERN,STREAM,EU
6305,Person 6305,76,user6305@example.com,2024-01-01,2024-06-01,MODERN,STREAM,US
6306,Person 6306,21,user6306@example.com,2024-01-01,2024-06-01,MODERN,STREAM,UK
6307,Person 6307,61,user6307@example.com,2024-01-01,2024-06-01,MODERN,STREAM,APAC
6308,Person 6308,75,user6308@example.com,2024-01-01,2024-06-01,MODERN,STREAM,EU
6309,Person 6309,22,user6309@example.com,2024-01-01,2024-06-01,MODERN,STREAM,US
6310,Person 6310,,user6310@example.com,2024-01-01,2024-06-01,LEGACY_A,BATCH,UK
6311,Person 6311,82,user6311@example.com,2024-01-01,2024-06-01,MODERN,STREAM,APAC
6312,Person 6312,27,user6312@example.com,2024-01-01,2024-06-01,MODERN,STREAM,EU
6313,Person 6313,91,user6313@example.com,2024-01-01,2024-06-01,MODERN,STREAM,US
6314,Person 6314,43,user6314@example.com,2024-01-01,2024-06-01,MODERN,STREAM,UK
6315,Person 6315,69,user6315@example.com,2024-01-01,2024-06-01,MODERN,STREAM,APAC
6316,Person 6316,68,user6316@example.com,2024-01-01,2024-06-01,MODERN,STREAM,EU
6317,Person 6317,21,user6317@example.com,2024-01-01,2024-06-01,MODERN,STREAM,US
6318,Person 6318,60,user6318@example.com,2024-06-01,2024-01-01,MODERN,STREAM,UK
6319,Person 6319,36,user6319@example.com,2024-01-01,2024-06-01,MODERN,STREAM,APAC
6320,Person 6320,91,user6320@example.com,2024-01-01,2024-06-01,MODERN,STREAM,EU
6321,Person 6321,-15,user6321@example.com,2024-01-01,2024-06-01,MODERN,STREAM,US
6322,Person 6322,42,user6322@example.com,2024-01-01,2024-06-01,MODERN,STREAM,UK
6323,Person 6323,75,user6323@example.com,2024-01-01,2024-06-01,MODERN,STREAM,APAC
6324,Person 6324,22,user6324@example.com,2024-01-01,2024-06-01,LEGACY_A,BATCH,EU
6325,Person 6325,756,user6325@example.com,2024-01-01,2024-06-01,MODERN,STREAM,US
6326,Person 6326,83,user6326@example.com,2024-01-01,2024-06-01,MODERN,STREAM,UK
6327,Person 6327,77,user6327@example.com,2024-01-01,2024-06-01,LEGACY_A,BATCH,APAC
6328,Person 6328,59,user6328@example.com,2024-01-01,2024-06-01,MODERN,STREAM,EU
6329,Person 6329,39,user6329@example.com,2024-01-01,2024-06-01,MODERN,STREAM,US
6330,Person 6330,82,user6330@example.com,2024-06-01,2024-01-01,MODERN,STREAM,UK
6331,Person 6331,45,user6331@example.com,2024-01-01,2024-06-01,MODERN,STREAM,APAC
6332,Person 6332,45,user6332@example.com,2024-01-01,2024-06-01,MODERN,STREAM,EU
6333,Person 6333,42,user6333@example.com,2024-01-01,2024-06-01,MODERN,STREAM,US
6334,Person 6334,54,user6334-example.com,2024-01-01,2024-06-01,MODERN,STREAM,UK
6335,Person 6335,29,user6335@example.com,2024-01-01,2024-06-01,MODERN,STREAM,APAC
6336,Person 6336,,user6336@example.com,2024-01-01,2024-06-01,MODERN,STREAM,EU
6337,Person 6337,60,user6337@example.com,2024-01-01,2024-06-01,MODERN,STREAM,US
6338,Person 6338,49,user6338@example.com,2024-01-01,2024-06-01,LEGACY_A,BATCH,UK
6339,Person 6339,59,user6339@example.com,2024-01-01,2024-06-01,MODERN,STREAM,APAC
6340,Person 6340,27,user6340@example.com,2024-01-01,2024-06-01,MODERN,STREAM,EU
6341,Person 6341,41,user6341@example.com,2024-01-01,2024-06-01,LEGACY_A,BATCH,US
6342,Person 6342,88,user6342@example.com,2024-01-01,2024-06-01,MODERN,STREAM,UK
6343,Person 6343,44,user6343@example.com,2024-01-01,2024-06-01,MODERN,STREAM,APAC
6344,Person 6344,25,user6344@example.com,2024-01-01,2024-06-01,MODERN,STREAM,EU
6345,Person 6345,64,user6345@example.com,2024-01-01,2024-06-01,MODERN,STREAM,US
6346,Person 6346,19,user6346@example.com,2024-01-01,2024-06-01,MODERN,STREAM,UK
6347,Person 6347,76,user6347@example.com,2024-01-01,2024-06-01,MODERN,STREAM,APAC
6348,Person 6348,53,user6348@example.com,2024-01-01,2024-06-01,MODERN,STREAM,EU
6349,Person 6349,77,user6349@example.com,2024-01-01,2024-06-01,MODERN,STREAM,US
6350,Person 6350,23,user6350@example.com,2024-01-01,2024-06-01,MODERN,STREAM,UK
6351,Person 6351,69,user6351@example.com,2024-01-01,2024-06-01,LEGACY_A,BATCH,APAC
6352,Person 6352,24,user6352@example.com,2024-01-01,2024-06-01,MODERN,STREAM,EU
6353,Person 6353,41,user6353@example.com,2024-01-01,2024-06-01,MODERN,STREAM,US
6354,Person 6354,53,user6354@example.com,2024-01-01,2024-06-01,MODERN,STREAM,UK
6355,Person 6355,68,user6355@example.com,2024-01-01,2024-06-01,MODERN,STREAM,APAC
6356,Person 6356,74,user6356@example.com,2024-01-01,2024-06-01,MODERN,STREAM,EU
6357,Person 6357,-3,user6357@example.com,2024-01-01,2024-06-01,MODERN,STREAM,US
6358,Person 6358,52,user6358@example.com,2024-01-01,2024-06-01,MODERN,STREAM,UK
6359,Person 6359,80,user6359@example.com,2024-01-01,2024-06-01,MODERN,STREAM,APAC
6360,Person 6360,76,user6360@example.com,2024-01-01,2024-06-01,MODERN,STREAM,EU
6361,Person 6361,47,user6361@example.com,2024-01-01,2024-06-01,LEGACY_A,BATCH,US
6362,Person 6362,24,user6362@example.com,2024-01-01,2024-06-01,MODERN,STREAM,UK
6363,Person 6363,86,user6363@example.com,2024-01-01,2024-06-01,MODERN,STREAM,APAC
6364,Person 6364,29,user6364@example.com,2024-01-01,2024-06-01,MODERN,STREAM,EU
6365,Person 6365,90,user6365@example.com,2024-01-01,2024-06-01,MODERN,STREAM,US
6366,Person 6366,54,user6366@example.com,2024-01-01,2024-06-01,MODERN,STREAM,UK
6367,Person 6367,66,user6367@example.com,2024-01-01,2024-06-01,MODERN,STREAM,APAC
6368,Person 6368,,user6368@example.com,2024-01-01,2024-06-01,MODERN,STREAM,EU
6369,Person 6369,29,user6369@example.com,2024-01-01,2024-06-01,MODERN,STREAM,US
6370,Person 6370,58,user6370@example.com,2024-01-01,2024-06-01,MODERN,STREAM,UK
6371,Person 6371,63,user6371@example.com,2024-01-01,2024-06-01,MODERN,STREAM,APAC
6372,Person 6372,82,user6372@example.com,2024-01-01,2024-06-01,MODERN,STREAM,EU
6373,Person 6373,38,user6373@example.com,2024-01-01,2024-06-01,MODERN,STREAM,US
6374,Person 6374,75,user6374@example.com,2024-01-01,2024-06-01,MODERN,STREAM,UK
6375,Person 6375,26,user6375@example.com,2024-01-01,2024-06-01,MODERN,STREAM,APAC
6376,Person 6376,37,user6376@example.com,2024-01-01,2024-06-01,MODERN,STREAM,EU
6377,Person 6377,74,user6377@example.com,2024-01-01,2024-06-01,MODERN,STREAM,US
6378,Person 6378,77,user6378@example.com,2024-01-01,2024-06-01,MODERN,STREAM,UK
6379,Person 6379,82,user6379@example.com,2024-01-01,2024-06-01,MODERN,STREAM,APAC
6380,Person 6380,34,user6380@example.com,2024-01-01,2024-06-01,MODERN,STREAM,EU
6381,Person 6381,51,user6381@example.com,2024-01-01,2024-06-01,MODERN,STREAM,US
6382,Person 6382,49,user6382@example.com,2024-01-01,2024-06-01,MODERN,STREAM,UK
6383,Person 6383,,user6383@example.com,2024-01-01,2024-06-01,MODERN,STREAM,APAC
6384,Person 6384,88,user6384@example.com,2024-01-01,2024-06-01,MODERN,STREAM,EU
6385,Person 6385,72,user6385@example.com,2024-01-01,2024-06-01,MODERN,STREAM,US
6386,Person 6386,35,user6386@example.com,2024-01-01,2024-06-01,MODERN,STREAM,UK
6387,Person 6387,28,user6387@example.com,2024-01-01,2024-06-01,MODERN,STREAM,APAC
6388,Person 6388,89,user6388@example.com,2024-01-01,2024-06-01,MODERN,STREAM,EU
6389,Person 6389,28,user6389@example.com,2024-01-01,2024-06-01,MODERN,STREAM,US
6390,Person 6390,74,user6390@example.com,2024-06-01,2024-01-01,LEGACY_A,BATCH,UK
6391,Person 6391,27,user6391@example.com,2024-01-01,2024-06-01,MODERN,STREAM,APAC
6392,Person 6392,654,user6392@example.com,2024-01-01,2024-06-01,MODERN,STREAM,EU
6393,Person 6393,30,user6393@example.com,2024-01-01,2024-06-01,MODERN,STREAM,US
6394,Person 6394,42,user6394@example.com,2024-01-01,2024-06-01,MODERN,STREAM,UK
6395,Person 6395,37,user6395@example.com,2024-01-01,2024-06-01,MODERN,STREAM,APAC
6396,Person 6396,20,user6396@example.com,2024-01-01,2024-06-01,MODERN,STREAM,EU
6397,Person 6397,87,user6397@example.com,2024-01-01,2024-06-01,MODERN,STREAM,US
6398,Person 6398,,user6398@example.com,2024-01-01,2024-06-01,MODERN,STREAM,UK
6399,Person 6399,34,user6399@example.com,2024-01-01,2024-06-01,MODERN,STREAM,APAC
6400,Person 6400,52,user6400@example.com,2024-01-01,2024-06-01,MODERN,STREAM,EU
6401,Person 6401,57,user6401@example.com,2024-01-01,2024-06-01,MODERN,STREAM,US
6402,Person 6402,32,user6402@example.com,2024-01-01,2024-06-01,MODERN,STREAM,UK
6403,Person 6403,57,user6403@example.com,2024-01-01,2024-06-01,MODERN,STREAM,APAC
6404,Person 6404,66,user6404@example.com,2024-01-01,2024-06-01,MODERN,STREAM,EU
6405,Person 6405,89,user6405@example.com,2024-01-01,2024-06-01,MODERN,STREAM,US
6406,Person 6406,81,user6406@example.com,2024-01-01,2024-06-01,MODERN,STREAM,UK
6407,Person 6407,87,user6407-example.com,2024-01-01,2024-06-01,MODERN,STREAM,APAC
6408,Person 6408,52,user6408-example.com,2024-01-01,2024-06-01,MODERN,STREAM,EU
6409,Person 6409,31,user6409@example.com,2024-01-01,2024-06-01,MODERN,STREAM,US
6410,Person 6410,42,user6410@example.com,2024-01-01,2024-06-01,MODERN,STREAM,UK
6411,Person 6411,384,user6411@example.com,2024-01-01,2024-06-01,MODERN,STREAM,APAC
6412,Person 6412,72,user6412@example.com,2024-01-01,2024-06-01,MODERN,STREAM,EU
6413,Person 6413,91,user6413@example.com,2024-01-01,2024-06-01,MODERN,STREAM,US
6414,Person 6414,44,user6414@example.com,2024-06-01,2024-01-01,MODERN,STREAM,UK
6415,Person 6415,34,user6415@example.com,2024-01-01,2024-06-01,MODERN,STREAM,APAC
6416,Person 6416,72,user6416@example.com,2024-01-01,2024-06-01,MODERN,STREAM,EU
6417,Person 6417,46,user6417@example.com,2024-01-01,2024-06-01,LEGACY_A,BATCH,US
6418,Person 6418,56,user6418@example.com,2024-01-01,2024-06-01,MODERN,STREAM,UK
6419,Person 6419,54,user6419@example.com,2024-01-01,2024-06-01,LEGACY_A,BATCH,APAC
6420,Person 6420,79,user6420@example.com,2024-01-01,2024-06-01,MODERN,STREAM,EU
6421,Person 6421,68,user6421@example.com,2024-01-01,2024-06-01,LEGACY_A,BATCH,US
6422,Person 6422,57,user6422@example.com,2024-01-01,2024-06-01,MODERN,STREAM,UK
6423,Person 6423,58,user6423-example.com,2024-01-01,2024-06-01,MODERN,STREAM,APAC
6424,Person 6424,40,user6424@example.com,2024-01-01,2024-06-01,MODERN,STREAM,EU
6425,Person 6425,51,user6425@example.com,2024-01-01,2024-06-01,LEGACY_A,BATCH,US
6426,Person 6426,62,user6426@example.com,2024-01-01,2024-06-01,MODERN,STREAM,UK
6427,Person 6427,40,user6427@example.com,2024-01-01,2024-06-01,MODERN,STREAM,APAC
6428,Person 6428,56,user6428@example.com,2024-01-01,2024-06-01,MODERN,STREAM,EU
6429,Person 6429,77,user6429@example.com,2024-01-01,2024-06-01,LEGACY_A,BATCH,US
6430,Person 6430,70,user6430@example.com,2024-01-01,2024-06-01,MODERN,STREAM,UK
6431,Person 6431,62,user6431@example.com,2024-01-01,2024-06-01,LEGACY_A,BATCH,APAC
6432,Person 6432,91,user6432@example.com,2024-01-01,2024-06-01,MODERN,STREAM,EU
6433,Person 6433,30,user6433@example.com,2024-01-01,2024-06-01,MODERN,STREAM,US
6434,Person 6434,36,user6434@example.com,2024-01-01,2024-06-01,MODERN,STREAM,UK
6435,Person 6435,59,user6435@example.com,2024-01-01,2024-06-01,MODERN,STREAM,APAC
6436,Person 6436,48,user6436@example.com,2024-01-01,2024-06-01,MODERN,STREAM,EU
6437,Person 6437,90,user6437@example.com,2024-01-01,2024-06-01,MODERN,STREAM,US
6438,Person 6438,60,user6438@example.com,2024-01-01,2024-06-01,MODERN,STREAM,UK
6439,Person 6439,884,user6439@example.com,2024-01-01,2024-06-01,MODERN,STREAM,APAC
6440,Person 6440,56,user6440@example.com,2024-01-01,2024-06-01,MODERN,STREAM,EU
6441,Person 6441,35,user6441-example.com,2024-01-01,2024-06-01,MODERN,STREAM,US
6442,Person 6442,62,user6442@example.com,2024-01-01,2024-06-01,MODERN,STREAM,UK
6443,Person 6443,22,user6443@example.com,2024-01-01,2024-06-01,MODERN,STREAM,APAC
6444,Person 6444,53,user6444@example.com,2024-01-01,2024-06-01,MODERN,STREAM,EU
6445,Person 6445,19,user6445@example.com,2024-01-01,2024-06-01,MODERN,STREAM,US
6446,Person 6446,86,user6446-example.com,2024-01-01,2024-06-01,MODERN,STREAM,UK
6447,Person 6447,58,user6447@example.com,2024-01-01,2024-06-01,MODERN,STREAM,APAC
6448,Person 6448,73,user6448@example.com,2024-01-01,2024-06-01,MODERN,STREAM,EU
6449,Person 6449,26,user6449@example.com,2024-01-01,2024-06-01,LEGACY_A,BATCH,US
6450,Person 6450,83,user6450@example.com,2024-01-01,2024-06-01,MODERN,STREAM,UK
6451,Person 6451,58,user6451@example.com,2024-01-01,2024-06-01,LEGACY_A,BATCH,APAC
6452,Person 6452,90,user6452@example.com,2024-01-01,2024-06-01,MODERN,STREAM,EU
6453,Person 6453,54,user6453@example.com,2024-01-01,2024-06-01,MODERN,STREAM,US
6454,Person 6454,19,user6454@example.com,2024-01-01,2024-06-01,MODERN,STREAM,UK
6455,Person 6455,83,user6455@example.com,2024-01-01,2024-06-01,MODERN,STREAM,APAC
6456,Person 6456,20,user6456@example.com,2024-01-01,2024-06-01,MODERN,STREAM,EU
6457,Person 6457,19,user6457@example.com,2024-01-01,2024-06-01,MODERN,STREAM,US
6458,Person 6458,21,user6458@example.com,2024-01-01,2024-06-01,MODERN,STREAM,UK
6459,Person 6459,40,user6459@example.com,2024-01-01,2024-06-01,MODERN,STREAM,APAC
6460,Person 6460,59,user6460@example.com,2024-01-01,2024-06-01,MODERN,STREAM,EU
6461,Person 6461,50,user6461@example.com,2024-01-01,2024-06-01,MODERN,STREAM,US
6462,Person 6462,37,user6462@example.com,2024-01-01,2024-06-01,MODERN,STREAM,UK
6463,Person 6463,-8,user6463@example.com,2024-01-01,2024-06-01,MODERN,STREAM,APAC
6464,Person 6464,142,user6464@example.com,2024-01-01,2024-06-01,MODERN,STREAM,EU
6465,Person 6465,87,user6465@example.com,2024-01-01,2024-06-01,MODERN,STREAM,US
6466,Person 6466,76,user6466@example.com,2024-01-01,2024-06-01,LEGACY_A,BATCH,UK
6467,Person 6467,19,user6467@example.com,2024-01-01,2024-06-01,MODERN,STREAM,APAC
6468,Person 6468,36,user6468@example.com,2024-01-01,2024-06-01,MODERN,STREAM,EU
6469,Person 6469,59,user6469@example.com,2024-01-01,2024-06-01,MODERN,STREAM,US
6470,Person 6470,,user6470@example.com,2024-01-01,2024-06-01,MODERN,STREAM,UK
6471,Person 6471,18,user6471@example.com,2024-01-01,2024-06-01,MODERN,STREAM,APAC
6472,Person 6472,22,user6472@example.com,2024-01-01,2024-06-01,MODERN,STREAM,EU
6473,Person 6473,-14,user6473@example.com,2024-01-01,2024-06-01,MODERN,STREAM,US
6474,Person 6474,30,user6474@example.com,2024-01-01,2024-06-01,MODERN,STREAM,UK
6475,Person 6475,52,user6475@example.com,2024-01-01,2024-06-01,MODERN,STREAM,APAC
6476,Person 6476,56,user6476@example.com,2024-01-01,2024-06-01,MODERN,STREAM,EU
6477,Person 6477,61,user6477@example.com,2024-01-01,2024-06-01,MODERN,STREAM,US
6478,Person 6478,30,user6478@example.com,2024-01-01,2024-06-01,MODERN,STREAM,UK
6479,Person 6479,58,user6479@example.com,2024-01-01,2024-06-01,MODERN,STREAM,APAC
6480,Person 6480,63,user6480@example.com,2024-01-01,2024-06-01,MODERN,STREAM,EU
6481,Person 6481,86,user6481-example.com,2024-01-01,2024-06-01,MODERN,STREAM,US
6482,Person 6482,55,user6482@example.com,2024-01-01,2024-06-01,MODERN,STREAM,UK
6483,Person 6483,51,user6483@example.com,2024-01-01,2024-06-01,MODERN,STREAM,APAC
6484,Person 6484,42,user6484@example.com,2024-01-01,2024-06-01,MODERN,STREAM,EU
6485,Person 6485,70,user6485@example.com,2024-01-01,2024-06-01,MODERN,STREAM,US
6486,Person 6486,21,user6486@example.com,2024-01-01,2024-06-01,MODERN,STREAM,UK
6487,Person 6487,38,user6487@example.com,2024-01-01,2024-06-01,MODERN,STREAM,APAC
6488,Person 6488,,user6488@example.com,2024-01-01,2024-06-01,LEGACY_A,BATCH,EU
6489,Person 6489,85,user6489@example.com,2024-01-01,2024-06-01,MODERN,STREAM,US
6490,Person 6490,47,user6490@example.com,2024-01-01,2024-06-01,MODERN,STREAM,UK
6491,Person 6491,29,user6491@example.com,2024-01-01,2024-06-01,MODERN,STREAM,APAC
6492,Person 6492,60,user6492@example.com,2024-01-01,2024-06-01,MODERN,STREAM,EU
6493,Person 6493,74,user6493@example.com,2024-01-01,2024-06-01,MODERN,STREAM,US
6494,Person 6494,49,user6494@example.com,2024-01-01,2024-06-01,MODERN,STREAM,UK
6495,Person 6495,66,user6495@example.com,2024-01-01,2024-06-01,MODERN,STREAM,APAC
6496,Person 6496,65,user6496-example.com,2024-01-01,2024-06-01,MODERN,STREAM,EU
6497,Person 6497,76,user6497@example.com,2024-06-01,2024-01-01,MODERN,STREAM,US
6498,Person 6498,62,user6498@example.com,2024-01-01,2024-06-01,LEGACY_A,BATCH,UK
6499,Person 6499,80,user6499@example.com,2024-01-01,2024-06-01,MODERN,STREAM,APAC
6500,Person 6500,43,user6500@example.com,2024-01-01,2024-06-01,MODERN,STREAM,EU
6501,Person 6501,55,user6501@example.com,2024-01-01,2024-06-01,MODERN,STREAM,US
6502,Person 6502,18,user6502@example.com,2024-01-01,2024-06-01,MODERN,STREAM,UK
6503,Person 6503,78,user6503@example.com,2024-01-01,2024-06-01,MODERN,STREAM,APAC
6504,Person 6504,48,user6504@example.com,2024-01-01,2024-06-01,MODERN,STREAM,EU
6505,Person 6505,85,user6505@example.com,2024-01-01,2024-06-01,MODERN,STREAM,US
6506,Person 6506,61,user6506@example.com,2024-01-01,2024-06-01,MODERN,STREAM,UK
6507,Person 6507,64,user6507@example.com,2024-01-01,2024-06-01,LEGACY_A,BATCH,APAC
6508,Person 6508,73,user6508@example.com,2024-01-01,2024-06-01,MODERN,STREAM,EU
6509,Person 6509,47,user6509@example.com,2024-01-01,2024-06-01,MODERN,STREAM,US
6510,Person 6510,67,user6510@example.com,2024-01-01,2024-06-01,MODERN,STREAM,UK
6511,Person 6511,33,user6511@example.com,2024-01-01,2024-06-01,MODERN,STREAM,APAC
6512,Person 6512,58,user6512@example.com,2024-01-01,2024-06-01,MODERN,STREAM,EU
6513,Person 6513,37,user6513@example.com,2024-06-01,2024-01-01,MODERN,STREAM,US
6514,Person 6514,79,user6514@example.com,2024-01-01,2024-06-01,MODERN,STREAM,UK
6515,Person 6515,42,user6515@example.com,2024-01-01,2024-06-01,MODERN,STREAM,APAC
6516,Person 6516,60,user6516@example.com,2024-01-01,2024-06-01,MODERN,STREAM,EU
6517,Person 6517,73,user6517@example.com,2024-01-01,2024-06-01,MODERN,STREAM,US
6518,Person 6518,25,user6518@example.com,2024-01-01,2024-06-01,LEGACY_A,BATCH,UK
6519,Person 6519,-9,user6519@example.com,2024-01-01,2024-06-01,MODERN,STREAM,APAC
6520,Person 6520,21,user6520@example.com,2024-01-01,2024-06-01,MODERN,STREAM,EU
6521,Person 6521,65,user6521@example.com,2024-01-01,2024-06-01,MODERN,STREAM,US
6522,Person 6522,22,user6522@example.com,2024-01-01,2024-06-01,MODERN,STREAM,UK
6523,Person 6523,76,user6523@example.com,2024-01-01,2024-06-01,LEGACY_A,BATCH,APAC
6524,Person 6524,61,user6524@example.com,2024-01-01,2024-06-01,MODERN,STREAM,EU
6525,Person 6525,45,user6525@example.com,2024-01-01,2024-06-01,MODERN,STREAM,US
6526,Person 6526,64,user6526@example.com,2024-01-01,2024-06-01,MODERN,STREAM,UK
6527,Person 6527,23,user6527@example.com,2024-01-01,2024-06-01,LEGACY_A,BATCH,APAC
6528,Person 6528,50,user6528@example.com,2024-01-01,2024-06-01,MODERN,STREAM,EU
6529,Person 6529,21,user6529@example.com,2024-01-01,2024-06-01,MODERN,STREAM,US
6530,Person 6530,68,user6530@example.com,2024-01-01,2024-06-01,MODERN,STREAM,UK
6531,Person 6531,59,user6531@example.com,2024-01-01,2024-06-01,MODERN,STREAM,APAC
6532,Person 6532,86,user6532@example.com,2024-01-01,2024-06-01,LEGACY_A,BATCH,EU
6533,Person 6533,41,user6533@example.com,2024-01-01,2024-06-01,MODERN,STREAM,US
6534,Person 6534,68,user6534@example.com,2024-01-01,2024-06-01,MODERN,STREAM,UK
6535,Person 6535,49,user6535@example.com,2024-01-01,2024-06-01,MODERN,STREAM,APAC
6536,Person 6536,51,user6536@example.com,2024-01-01,2024-06-01,MODERN,STREAM,EU
6537,Person 6537,25,user6537@example.com,2024-01-01,2024-06-01,MODERN,STREAM,US
6538,Person 6538,36,user6538@example.com,2024-01-01,2024-06-01,MODERN,STREAM,UK
6539,Person 6539,49,user6539@example.com,2024-01-01,2024-06-01,MODERN,STREAM,APAC
6540,Person 6540,51,user6540@example.com,2024-01-01,2024-06-01,MODERN,STREAM,EU
6541,Person 6541,91,user6541@example.com,2024-01-01,2024-06-01,LEGACY_A,BATCH,US
6542,Person 6542,64,user6542@example.com,2024-01-01,2024-06-01,MODERN,STREAM,UK
6543,Person 6543,78,user6543@example.com,2024-01-01,2024-06-01,MODERN,STREAM,APAC
6544,Person 6544,41,user6544@example.com,2024-01-01,2024-06-01,MODERN,STREAM,EU
6545,Person 6545,44,user6545@example.com,2024-01-01,2024-06-01,MODERN,STREAM,US
6546,Person 6546,51,user6546@example.com,2024-01-01,2024-06-01,MODERN,STREAM,UK
6547,Person 6547,65,user6547@example.com,2024-01-01,2024-06-01,MODERN,STREAM,APAC
6548,Person 6548,27,user6548@example.com,2024-01-01,2024-06-01,MODERN,STREAM,EU
6549,Person 6549,66,user6549@example.com,2024-01-01,2024-06-01,MODERN,STREAM,US
6550,Person 6550,37,user6550@example.com,2024-01-01,2024-06-01,MODERN,STREAM,UK
6551,Person 6551,,user6551@example.com,2024-01-01,2024-06-01,MODERN,STREAM,APAC
6552,Person 6552,84,user6552@example.com,2024-01-01,2024-06-01,LEGACY_A,BATCH,EU
6553,Person 6553,54,user6553@example.com,2024-01-01,2024-06-01,MODERN,STREAM,US
6554,Person 6554,49,user6554@example.com,2024-01-01,2024-06-01,MODERN,STREAM,UK
6555,Person 6555,59,user6555@example.com,2024-06-01,2024-01-01,MODERN,STREAM,APAC
6556,Person 6556,57,user6556@example.com,2024-01-01,2024-06-01,MODERN,STREAM,EU
6557,Person 6557,37,user6557@example.com,2024-01-01,2024-06-01,MODERN,STREAM,US
6558,Person 6558,19,user6558@example.com,2024-01-01,2024-06-01,MODERN,STREAM,UK
6559,Person 6559,85,user6559@example.com,2024-01-01,2024-06-01,MODERN,STREAM,APAC
6560,Person 6560,50,user6560@example.com,2024-01-01,2024-06-01,MODERN,STREAM,EU
6561,Person 6561,46,user6561@example.com,2024-06-01,2024-01-01,MODERN,STREAM,US
6562,Person 6562,39,user6562@example.com,2024-01-01,2024-06-01,MODERN,STREAM,UK
6563,Person 6563,46,user6563@example.com,2024-01-01,2024-06-01,MODERN,STREAM,APAC
6564,Person 6564,60,user6564@example.com,2024-01-01,2024-06-01,MODERN,STREAM,EU
6565,Person 6565,50,user6565@example.com,2024-06-01,2024-01-01,LEGACY_A,BATCH,US
6566,Person 6566,84,user6566@example.com,2024-01-01,2024-06-01,MODERN,STREAM,UK
6567,Person 6567,946,user6567@example.com,2024-01-01,2024-06-01,LEGACY_A,BATCH,APAC
6568,Person 6568,33,user6568@example.com,2024-01-01,2024-06-01,LEGACY_A,BATCH,EU
6569,Person 6569,81,user6569@example.com,2024-01-01,2024-06-01,MODERN,STREAM,US
6570,Person 6570,83,user6570@example.com,2024-01-01,2024-06-01,MODERN,STREAM,UK
6571,Person 6571,22,user6571@example.com,2024-01-01,2024-06-01,MODERN,STREAM,APAC
6572,Person 6572,41,user6572@example.com,2024-01-01,2024-06-01,MODERN,STREAM,EU
6573,Person 6573,83,user6573@example.com,2024-01-01,2024-06-01,MODERN,STREAM,US
6574,Person 6574,63,user6574@example.com,2024-01-01,2024-06-01,MODERN,STREAM,UK
6575,Person 6575,28,user6575@example.com,2024-01-01,2024-06-01,LEGACY_A,BATCH,APAC
6576,Person 6576,45,user6576@example.com,2024-01-01,2024-06-01,MODERN,STREAM,EU
6577,Person 6577,71,user6577@example.com,2024-01-01,2024-06-01,MODERN,STREAM,US
6578,Person 6578,42,user6578@example.com,2024-01-01,2024-06-01,MODERN,STREAM,UK
6579,Person 6579,18,user6579@example.com,2024-01-01,2024-06-01,MODERN,STREAM,APAC
6580,Person 6580,21,user6580@example.com,2024-01-01,2024-06-01,MODERN,STREAM,EU
6581,Person 6581,46,user6581-example.com,2024-01-01,2024-06-01,MODERN,STREAM,US
6582,Person 6582,85,user6582@example.com,2024-01-01,2024-06-01,MODERN,STREAM,UK
6583,Person 6583,61,user6583-example.com,2024-01-01,2024-06-01,LEGACY_A,BATCH,APAC
6584,Person 6584,,user6584@example.com,2024-01-01,2024-06-01,MODERN,STREAM,EU
6585,Person 6585,54,user6585@example.com,2024-01-01,2024-06-01,MODERN,STREAM,US
6586,Person 6586,57,user6586@example.com,2024-01-01,2024-06-01,MODERN,STREAM,UK
6587,Person 6587,193,user6587@example.com,2024-01-01,2024-06-01,MODERN,STREAM,APAC
6588,Person 6588,62,user6588@example.com,2024-01-01,2024-06-01,MODERN,STREAM,EU
6589,Person 6589,41,user6589@example.com,2024-01-01,2024-06-01,MODERN,STREAM,US
6590,Person 6590,36,user6590@example.com,2024-01-01,2024-06-01,MODERN,STREAM,UK
6591,Person 6591,51,user6591@example.com,2024-01-01,2024-06-01,MODERN,STREAM,APAC
6592,Person 6592,68,user6592@example.com,2024-01-01,2024-06-01,MODERN,STREAM,EU
6593,Person 6593,46,user6593@example.com,2024-01-01,2024-06-01,MODERN,STREAM,US
6594,Person 6594,58,user6594@example.com,2024-01-01,2024-06-01,MODERN,STREAM,UK
6595,Person 6595,29,user6595@example.com,2024-01-01,2024-06-01,MODERN,STREAM,APAC
6596,Person 6596,33,user6596@example.com,2024-01-01,2024-06-01,LEGACY_A,BATCH,EU
6597,Person 6597,47,user6597-example.com,2024-01-01,2024-06-01,MODERN,STREAM,US
6598,Person 6598,19,user6598@example.com,2024-01-01,2024-06-01,LEGACY_A,BATCH,UK
6599,Person 6599,-17,user6599@example.com,2024-01-01,2024-06-01,MODERN,STREAM,APAC
6600,Person 6600,23,user6600@example.com,2024-01-01,2024-06-01,MODERN,STREAM,EU
6601,Person 6601,360,user6601@example.com,2024-01-01,2024-06-01,MODERN,STREAM,US
6602,Person 6602,58,user6602@example.com,2024-01-01,2024-06-01,MODERN,STREAM,UK
6603,Person 6603,29,user6603@example.com,2024-01-01,2024-06-01,MODERN,STREAM,APAC
6604,Person 6604,54,user6604@example.com,2024-01-01,2024-06-01,MODERN,STREAM,EU
6605,Person 6605,39,user6605-example.com,2024-01-01,2024-06-01,MODERN,STREAM,US
6606,Person 6606,89,user6606@example.com,2024-01-01,2024-06-01,MODERN,STREAM,UK
6607,Person 6607,91,user6607@example.com,2024-01-01,2024-06-01,MODERN,STREAM,APAC
6608,Person 6608,30,user6608@example.com,2024-06-01,2024-01-01,MODERN,STREAM,EU
6609,Person 6609,80,user6609@example.com,2024-01-01,2024-06-01,MODERN,STREAM,US
6610,Person 6610,65,user6610@example.com,2024-01-01,2024-06-01,MODERN,STREAM,UK
6611,Person 6611,77,user6611@example.com,2024-01-01,2024-06-01,LEGACY_A,BATCH,APAC
6612,Person 6612,74,user6612@example.com,2024-01-01,2024-06-01,LEGACY_A,BATCH,EU
6613,Person 6613,82,user6613@example.com,2024-01-01,2024-06-01,MODERN,STREAM,US
6614,Person 6614,65,user6614@example.com,2024-01-01,2024-06-01,MODERN,STREAM,UK
6615,Person 6615,77,user6615@example.com,2024-01-01,2024-06-01,MODERN,STREAM,APAC
6616,Person 6616,26,user6616@example.com,2024-01-01,2024-06-01,MODERN,STREAM,EU
6617,Person 6617,65,user6617@example.com,2024-01-01,2024-06-01,LEGACY_A,BATCH,US
6618,Person 6618,83,user6618@example.com,2024-01-01,2024-06-01,MODERN,STREAM,UK
6619,Person 6619,68,user6619@example.com,2024-01-01,2024-06-01,MODERN,STREAM,APAC
6620,Person 6620,19,user6620@example.com,2024-01-01,2024-06-01,MODERN,STREAM,EU
6621,Person 6621,18,user6621@example.com,2024-01-01,2024-06-01,MODERN,STREAM,US
6622,Person 6622,76,user6622@example.com,2024-01-01,2024-06-01,MODERN,STREAM,UK
6623,Person 6623,51,user6623@example.com,2024-01-01,2024-06-01,MODERN,STREAM,APAC
6624,Person 6624,55,user6624@example.com,2024-01-01,2024-06-01,MODERN,STREAM,EU
6625,Person 6625,27,user6625@example.com,2024-01-01,2024-06-01,MODERN,STREAM,US
6626,Person 6626,70,user6626@example.com,2024-01-01,2024-06-01,MODERN,STREAM,UK
6627,Person 6627,50,user6627@example.com,2024-01-01,2024-06-01,LEGACY_A,BATCH,APAC
6628,Person 6628,18,user6628@example.com,2024-01-01,2024-06-01,MODERN,STREAM,EU
6629,Person 6629,82,user6629@example.com,2024-01-01,2024-06-01,MODERN,STREAM,US
6630,Person 6630,37,user6630@example.com,2024-01-01,2024-06-01,MODERN,STREAM,UK
6631,Person 6631,23,user6631@example.com,2024-01-01,2024-06-01,LEGACY_A,BATCH,APAC
6632,Person 6632,76,user6632@example.com,2024-01-01,2024-06-01,MODERN,STREAM,EU
6633,Person 6633,63,user6633@example.com,2024-01-01,2024-06-01,LEGACY_A,BATCH,US
6634,Person 6634,50,user6634@example.com,2024-01-01,2024-06-01,MODERN,STREAM,UK
6635,Person 6635,19,user6635@example.com,2024-01-01,2024-06-01,MODERN,STREAM,APAC
6636,Person 6636,73,user6636@example.com,2024-01-01,2024-06-01,MODERN,STREAM,EU
6637,Person 6637,280,user6637@example.com,2024-01-01,2024-06-01,MODERN,STREAM,US
6638,Person 6638,83,user6638@example.com,2024-01-01,2024-06-01,MODERN,STREAM,UK
6639,Person 6639,32,user6639@example.com,2024-01-01,2024-06-01,MODERN,STREAM,APAC
6640,Person 6640,31,user6640@example.com,2024-01-01,2024-06-01,MODERN,STREAM,EU
6641,Person 6641,20,user6641@example.com,2024-01-01,2024-06-01,MODERN,STREAM,US
6642,Person 6642,66,user6642@example.com,2024-01-01,2024-06-01,MODERN,STREAM,UK
6643,Person 6643,19,user6643@example.com,2024-06-01,2024-01-01,MODERN,STREAM,APAC
6644,Person 6644,46,user6644@example.com,2024-01-01,2024-06-01,MODERN,STREAM,EU
6645,Person 6645,53,user6645@example.com,2024-01-01,2024-06-01,MODERN,STREAM,US
6646,Person 6646,46,user6646@example.com,2024-01-01,2024-06-01,MODERN,STREAM,UK
6647,Person 6647,32,user6647@example.com,2024-01-01,2024-06-01,MODERN,STREAM,APAC
6648,Person 6648,84,user6648@example.com,2024-01-01,2024-06-01,MODERN,STREAM,EU
6649,Person 6649,44,user6649@example.com,2024-01-01,2024-06-01,MODERN,STREAM,US
6650,Person 6650,64,user6650@example.com,2024-01-01,2024-06-01,MODERN,STREAM,UK
6651,Person 6651,85,user6651@example.com,2024-01-01,2024-06-01,LEGACY_A,BATCH,APAC
6652,Person 6652,84,user6652@example.com,2024-01-01,2024-06-01,MODERN,STREAM,EU
6653,Person 6653,55,user6653@example.com,2024-01-01,2024-06-01,MODERN,STREAM,US
6654,Person 6654,64,user6654@example.com,2024-01-01,2024-06-01,MODERN,STREAM,UK
6655,Person 6655,33,user6655@example.com,2024-01-01,2024-06-01,MODERN,STREAM,APAC
6656,Person 6656,84,user6656@example.com,2024-01-01,2024-06-01,LEGACY_A,BATCH,EU
6657,Person 6657,46,user6657@example.com,2024-01-01,2024-06-01,MODERN,STREAM,US
6658,Person 6658,20,user6658@example.com,2024-01-01,2024-06-01,MODERN,STREAM,UK
6659,Person 6659,29,user6659@example.com,2024-01-01,2024-06-01,LEGACY_A,BATCH,APAC
6660,Person 6660,69,user6660@example.com,2024-01-01,2024-06-01,MODERN,STREAM,EU
6661,Person 6661,89,user6661@example.com,2024-01-01,2024-06-01,MODERN,STREAM,US
6662,Person 6662,,user6662@example.com,2024-01-01,2024-06-01,MODERN,STREAM,UK
6663,Person 6663,84,user6663@example.com,2024-01-01,2024-06-01,LEGACY_A,BATCH,APAC
6664,Person 6664,66,user6664@example.com,2024-01-01,2024-06-01,MODERN,STREAM,EU
6665,Person 6665,-12,user6665@example.com,2024-01-01,2024-06-01,MODERN,STREAM,US
6666,Person 6666,-25,user6666@example.com,2024-01-01,2024-06-01,LEGACY_A,BATCH,UK
6667,Person 6667,32,user6667@example.com,2024-06-01,2024-01-01,MODERN,STREAM,APAC
6668,Person 6668,778,user6668@example.com,2024-01-01,2024-06-01,MODERN,STREAM,EU
6669,Person 6669,26,user6669@example.com,2024-01-01,2024-06-01,MODERN,STREAM,US
6670,Person 6670,75,user6670@example.com,2024-01-01,2024-06-01,MODERN,STREAM,UK
6671,Person 6671,44,user6671@example.com,2024-06-01,2024-01-01,MODERN,STREAM,APAC
6672,Person 6672,59,user6672@example.com,2024-01-01,2024-06-01,MODERN,STREAM,EU
6673,Person 6673,40,user6673@example.com,2024-01-01,2024-06-01,MODERN,STREAM,US
6674,Person 6674,-11,user6674@example.com,2024-01-01,2024-06-01,MODERN,STREAM,UK
6675,Person 6675,58,user6675@example.com,2024-01-01,2024-06-01,LEGACY_A,BATCH,APAC
6676,Person 6676,41,user6676@example.com,2024-01-01,2024-06-01,MODERN,STREAM,EU
6677,Person 6677,58,user6677@example.com,2024-01-01,2024-06-01,MODERN,STREAM,US
6678,Person 6678,90,user6678@example.com,2024-01-01,2024-06-01,MODERN,STREAM,UK
6679,Person 6679,84,user6679@example.com,2024-01-01,2024-06-01,MODERN,STREAM,APAC
6680,Person 6680,47,user6680@example.com,2024-01-01,2024-06-01,MODERN,STREAM,EU
6681,Person 6681,31,user6681@example.com,2024-01-01,2024-06-01,MODERN,STREAM,US
6682,Person 6682,62,user6682-example.com,2024-01-01,2024-06-01,LEGACY_A,BATCH,UK
6683,Person 6683,-36,user6683@example.com,2024-01-01,2024-06-01,MODERN,STREAM,APAC
6684,Person 6684,27,user6684@example.com,2024-01-01,2024-06-01,MODERN,STREAM,EU
6685,Person 6685,62,user6685@example.com,2024-01-01,2024-06-01,MODERN,STREAM,US
6686,Person 6686,30,user6686@example.com,2024-01-01,2024-06-01,MODERN,STREAM,UK
6687,Person 6687,29,user6687-example.com,2024-01-01,2024-06-01,MODERN,STREAM,APAC
6688,Person 6688,36,user6688@example.com,2024-01-01,2024-06-01,MODERN,STREAM,EU
6689,Person 6689,27,user6689@example.com,2024-01-01,2024-06-01,MODERN,STREAM,US
6690,Person 6690,54,user6690-example.com,2024-01-01,2024-06-01,MODERN,STREAM,UK
6691,Person 6691,57,user6691@example.com,2024-01-01,2024-06-01,MODERN,STREAM,APAC
6692,Person 6692,19,user6692@example.com,2024-01-01,2024-06-01,MODERN,STREAM,EU
6693,Person 6693,59,user6693@example.com,2024-01-01,2024-06-01,MODERN,STREAM,US
6694,Person 6694,31,user6694@example.com,2024-01-01,2024-06-01,MODERN,STREAM,UK
6695,Person 6695,68,user6695@example.com,2024-01-01,2024-06-01,MODERN,STREAM,APAC
6696,Person 6696,89,user6696@example.com,2024-01-01,2024-06-01,MODERN,STREAM,EU
6697,Person 6697,21,user6697@example.com,2024-01-01,2024-06-01,MODERN,STREAM,US
6698,Person 6698,67,user6698@example.com,2024-01-01,2024-06-01,MODERN,STREAM,UK
6699,Person 6699,25,user6699@example.com,2024-01-01,2024-06-01,MODERN,STREAM,APAC
6700,Person 6700,88,user6700@example.com,2024-01-01,2024-06-01,MODERN,STREAM,EU
6701,Person 6701,46,user6701-example.com,2024-01-01,2024-06-01,MODERN,STREAM,US
6702,Person 6702,54,user6702@example.com,2024-01-01,2024-06-01,MODERN,STREAM,UK
6703,Person 6703,40,user6703@example.com,2024-01-01,2024-06-01,MODERN,STREAM,APAC
6704,Person 6704,70,user6704@example.com,2024-01-01,2024-06-01,MODERN,STREAM,EU
6705,Person 6705,69,user6705@example.com,2024-01-01,2024-06-01,MODERN,STREAM,US
6706,Person 6706,51,user6706@example.com,2024-01-01,2024-06-01,MODERN,STREAM,UK
6707,Person 6707,30,user6707@example.com,2024-01-01,2024-06-01,MODERN,STREAM,APAC
6708,Person 6708,41,user6708@example.com,2024-01-01,2024-06-01,MODERN,STREAM,EU
6709,Person 6709,40,user6709@example.com,2024-01-01,2024-06-01,MODERN,STREAM,US
6710,Person 6710,22,user6710@example.com,2024-01-01,2024-06-01,MODERN,STREAM,UK
6711,Person 6711,44,user6711@example.com,2024-01-01,2024-06-01,MODERN,STREAM,APAC
6712,Person 6712,41,user6712@example.com,2024-01-01,2024-06-01,LEGACY_A,BATCH,EU
6713,Person 6713,88,user6713@example.com,2024-01-01,2024-06-01,MODERN,STREAM,US
6714,Person 6714,50,user6714@example.com,2024-01-01,2024-06-01,MODERN,STREAM,UK
6715,Person 6715,77,user6715@example.com,2024-01-01,2024-06-01,MODERN,STREAM,APAC
6716,Person 6716,75,user6716@example.com,2024-01-01,2024-06-01,MODERN,STREAM,EU
6717,Person 6717,37,user6717@example.com,2024-01-01,2024-06-01,MODERN,STREAM,US
6718,Person 6718,49,user6718@example.com,2024-01-01,2024-06-01,LEGACY_A,BATCH,UK
6719,Person 6719,38,user6719@example.com,2024-01-01,2024-06-01,MODERN,STREAM,APAC
6720,Person 6720,57,user6720@example.com,2024-01-01,2024-06-01,MODERN,STREAM,EU
6721,Person 6721,404,user6721@example.com,2024-01-01,2024-06-01,MODERN,STREAM,US
6722,Person 6722,56,user6722@example.com,2024-01-01,2024-06-01,MODERN,STREAM,UK
6723,Person 6723,60,user6723@example.com,2024-01-01,2024-06-01,MODERN,STREAM,APAC
6724,Person 6724,71,user6724@example.com,2024-01-01,2024-06-01,MODERN,STREAM,EU
6725,Person 6725,457,user6725@example.com,2024-01-01,2024-06-01,LEGACY_A,BATCH,US
6726,Person 6726,83,user6726@example.com,2024-01-01,2024-06-01,MODERN,STREAM,UK
6727,Person 6727,59,user6727@example.com,2024-01-01,2024-06-01,MODERN,STREAM,APAC
6728,Person 6728,24,user6728@example.com,2024-01-01,2024-06-01,MODERN,STREAM,EU
6729,Person 6729,75,user6729@example.com,2024-01-01,2024-06-01,LEGACY_A,BATCH,US
6730,Person 6730,,user6730@example.com,2024-01-01,2024-06-01,MODERN,STREAM,UK
6731,Person 6731,47,user6731@example.com,2024-01-01,2024-06-01,MODERN,STREAM,APAC
6732,Person 6732,28,user6732@example.com,2024-01-01,2024-06-01,MODERN,STREAM,EU
6733,Person 6733,41,user6733@example.com,2024-01-01,2024-06-01,MODERN,STREAM,US
6734,Person 6734,89,user6734@example.com,2024-01-01,2024-06-01,MODERN,STREAM,UK
6735,Person 6735,67,user6735@example.com,2024-01-01,2024-06-01,MODERN,STREAM,APAC
6736,Person 6736,61,user6736@example.com,2024-01-01,2024-06-01,MODERN,STREAM,EU
6737,Person 6737,81,user6737@example.com,2024-01-01,2024-06-01,MODERN,STREAM,US
6738,Person 6738,24,user6738@example.com,2024-01-01,2024-06-01,MODERN,STREAM,UK
6739,Person 6739,83,user6739@example.com,2024-01-01,2024-06-01,MODERN,STREAM,APAC
6740,Person 6740,74,user6740@example.com,2024-01-01,2024-06-01,LEGACY_A,BATCH,EU
6741,Person 6741,24,user6741@example.com,2024-01-01,2024-06-01,MODERN,STREAM,US
6742,Person 6742,87,user6742@example.com,2024-01-01,2024-06-01,MODERN,STREAM,UK
6743,Person 6743,66,user6743@example.com,2024-01-01,2024-06-01,MODERN,STREAM,APAC
6744,Person 6744,,user6744@example.com,2024-01-01,2024-06-01,LEGACY_A,BATCH,EU
6745,Person 6745,52,user6745@example.com,2024-01-01,2024-06-01,MODERN,STREAM,US
6746,Person 6746,40,user6746@example.com,2024-01-01,2024-06-01,MODERN,STREAM,UK
6747,Person 6747,45,user6747@example.com,2024-01-01,2024-06-01,MODERN,STREAM,APAC
6748,Person 6748,84,user6748@example.com,2024-01-01,2024-06-01,MODERN,STREAM,EU
6749,Person 6749,76,user6749@example.com,2024-01-01,2024-06-01,MODERN,STREAM,US
6750,Person 6750,30,user6750@example.com,2024-01-01,2024-06-01,MODERN,STREAM,UK
6751,Person 6751,73,user6751@example.com,2024-01-01,2024-06-01,MODERN,STREAM,APAC
6752,Person 6752,36,user6752@example.com,2024-01-01,2024-06-01,MODERN,STREAM,EU
6753,Person 6753,70,user6753@example.com,2024-01-01,2024-06-01,MODERN,STREAM,US
6754,Person 6754,18,user6754@example.com,2024-01-01,2024-06-01,LEGACY_A,BATCH,UK
6755,Person 6755,84,user6755@example.com,2024-06-01,2024-01-01,MODERN,STREAM,APAC
6756,Person 6756,44,user6756@example.com,2024-06-01,2024-01-01,MODERN,STREAM,EU
6757,Person 6757,40,user6757@example.com,2024-01-01,2024-06-01,MODERN,STREAM,US
6758,Person 6758,79,user6758@example.com,2024-06-01,2024-01-01,MODERN,STREAM,UK
6759,Person 6759,29,user6759@example.com,2024-01-01,2024-06-01,MODERN,STREAM,APAC
6760,Person 6760,19,user6760@example.com,2024-01-01,2024-06-01,MODERN,STREAM,EU
6761,Person 6761,850,user6761@example.com,2024-01-01,2024-06-01,MODERN,STREAM,US
6762,Person 6762,30,user6762-example.com,2024-01-01,2024-06-01,LEGACY_A,BATCH,UK
6763,Person 6763,34,user6763@example.com,2024-01-01,2024-06-01,LEGACY_A,BATCH,APAC
6764,Person 6764,57,user6764@example.com,2024-01-01,2024-06-01,MODERN,STREAM,EU
6765,Person 6765,25,user6765@example.com,2024-01-01,2024-06-01,LEGACY_A,BATCH,US
6766,Person 6766,57,user6766@example.com,2024-01-01,2024-06-01,MODERN,STREAM,UK
6767,Person 6767,,user6767@example.com,2024-01-01,2024-06-01,MODERN,STREAM,APAC
6768,Person 6768,77,user6768@example.com,2024-01-01,2024-06-01,MODERN,STREAM,EU
6769,Person 6769,67,user6769@example.com,2024-01-01,2024-06-01,MODERN,STREAM,US
6770,Person 6770,68,user6770@example.com,2024-01-01,2024-06-01,MODERN,STREAM,UK
6771,Person 6771,44,user6771@example.com,2024-01-01,2024-06-01,LEGACY_A,BATCH,APAC
6772,Person 6772,91,user6772@example.com,2024-01-01,2024-06-01,MODERN,STREAM,EU
6773,Person 6773,84,user6773@example.com,2024-06-01,2024-01-01,MODERN,STREAM,US
6774,Person 6774,57,user6774@example.com,2024-01-01,2024-06-01,LEGACY_A,BATCH,UK
6775,Person 6775,76,user6775@example.com,2024-01-01,2024-06-01,MODERN,STREAM,APAC
6776,Person 6776,86,user6776-example.com,2024-01-01,2024-06-01,MODERN,STREAM,EU
6777,Person 6777,-11,user6777@example.com,2024-01-01,2024-06-01,MODERN,STREAM,US
6778,Person 6778,83,user6778@example.com,2024-01-01,2024-06-01,MODERN,STREAM,UK
6779,Person 6779,152,user6779@example.com,2024-01-01,2024-06-01,MODERN,STREAM,APAC
6780,Person 6780,84,user6780@example.com,2024-01-01,2024-06-01,MODERN,STREAM,EU
6781,Person 6781,46,user6781@example.com,2024-01-01,2024-06-01,MODERN,STREAM,US
6782,Person 6782,738,user6782@example.com,2024-01-01,2024-06-01,MODERN,STREAM,UK
6783,Person 6783,45,user6783@example.com,2024-06-01,2024-01-01,MODERN,STREAM,APAC
6784,Person 6784,48,user6784@example.com,2024-01-01,2024-06-01,LEGACY_A,BATCH,EU
6785,Person 6785,18,user6785@example.com,2024-01-01,2024-06-01,MODERN,STREAM,US
6786,Person 6786,25,user6786@example.com,2024-01-01,2024-06-01,MODERN,STREAM,UK
6787,Person 6787,76,user6787@example.com,2024-01-01,2024-06-01,MODERN,STREAM,APAC
6788,Person 6788,28,user6788@example.com,2024-01-01,2024-06-01,MODERN,STREAM,EU
6789,Person 6789,78,user6789@example.com,2024-01-01,2024-06-01,MODERN,STREAM,US
6790,Person 6790,60,user6790@example.com,2024-01-01,2024-06-01,MODERN,STREAM,UK
6791,Person 6791,36,user6791@example.com,2024-06-01,2024-01-01,MODERN,STREAM,APAC
6792,Person 6792,29,user6792@example.com,2024-01-01,2024-06-01,MODERN,STREAM,EU
6793,Person 6793,50,user6793@example.com,2024-01-01,2024-06-01,MODERN,STREAM,US
6794,Person 6794,70,user6794@example.com,2024-01-01,2024-06-01,MODERN,STREAM,UK
6795,Person 6795,88,user6795@example.com,2024-01-01,2024-06-01,LEGACY_A,BATCH,APAC
6796,Person 6796,72,user6796@example.com,2024-01-01,2024-06-01,MODERN,STREAM,EU
6797,Person 6797,67,user6797@example.com,2024-01-01,2024-06-01,MODERN,STREAM,US
6798,Person 6798,56,user6798@example.com,2024-01-01,2024-06-01,MODERN,STREAM,UK
6799,Person 6799,49,user6799@example.com,2024-01-01,2024-06-01,MODERN,STREAM,APAC
6800,Person 6800,79,user6800@example.com,2024-01-01,2024-06-01,MODERN,STREAM,EU
6801,Person 6801,91,user6801@example.com,2024-01-01,2024-06-01,LEGACY_A,BATCH,US
6802,Person 6802,55,user6802@example.com,2024-01-01,2024-06-01,MODERN,STREAM,UK
6803,Person 6803,74,user6803@example.com,2024-01-01,2024-06-01,MODERN,STREAM,APAC
6804,Person 6804,641,user6804@example.com,2024-01-01,2024-06-01,MODERN,STREAM,EU
6805,Person 6805,983,user6805@example.com,2024-01-01,2024-06-01,MODERN,STREAM,US
6806,Person 6806,45,user6806@example.com,2024-01-01,2024-06-01,MODERN,STREAM,UK
6807,Person 6807,22,user6807@example.com,2024-01-01,2024-06-01,MODERN,STREAM,APAC
6808,Person 6808,25,user6808@example.com,2024-01-01,2024-06-01,MODERN,STREAM,EU
6809,Person 6809,20,user6809@example.com,2024-01-01,2024-06-01,MODERN,STREAM,US
6810,Person 6810,50,user6810@example.com,2024-01-01,2024-06-01,MODERN,STREAM,UK
6811,Person 6811,33,user6811@example.com,2024-01-01,2024-06-01,MODERN,STREAM,APAC
6812,Person 6812,65,user6812@example.com,2024-01-01,2024-06-01,MODERN,STREAM,EU
6813,Person 6813,39,user6813@example.com,2024-01-01,2024-06-01,MODERN,STREAM,US
6814,Person 6814,25,user6814-example.com,2024-01-01,2024-06-01,MODERN,STREAM,UK
6815,Person 6815,82,user6815@example.com,2024-01-01,2024-06-01,MODERN,STREAM,APAC
6816,Person 6816,23,user6816@example.com,2024-01-01,2024-06-01,MODERN,STREAM,EU
6817,Person 6817,25,user6817@example.com,2024-01-01,2024-06-01,MODERN,STREAM,US
6818,Person 6818,51,user6818@example.com,2024-01-01,2024-06-01,MODERN,STREAM,UK
6819,Person 6819,49,user6819@example.com,2024-01-01,2024-06-01,MODERN,STREAM,APAC
6820,Person 6820,87,user6820@example.com,2024-01-01,2024-06-01,MODERN,STREAM,EU
6821,Person 6821,89,user6821@example.com,2024-01-01,2024-06-01,MODERN,STREAM,US
6822,Person 6822,71,user6822@example.com,2024-01-01,2024-06-01,MODERN,STREAM,UK
6823,Person 6823,47,user6823@example.com,2024-01-01,2024-06-01,MODERN,STREAM,APAC
6824,Person 6824,-35,user6824@example.com,2024-01-01,2024-06-01,MODERN,STREAM,EU
6825,Person 6825,24,user6825@example.com,2024-01-01,2024-06-01,MODERN,STREAM,US
6826,Person 6826,18,user6826@example.com,2024-01-01,2024-06-01,MODERN,STREAM,UK
6827,Person 6827,28,user6827@example.com,2024-01-01,2024-06-01,MODERN,STREAM,APAC
6828,Person 6828,80,user6828@example.com,2024-01-01,2024-06-01,MODERN,STREAM,EU
6829,Person 6829,54,user6829@example.com,2024-01-01,2024-06-01,MODERN,STREAM,US
6830,Person 6830,31,user6830@example.com,2024-01-01,2024-06-01,MODERN,STREAM,UK
6831,Person 6831,27,user6831@example.com,2024-01-01,2024-06-01,MODERN,STREAM,APAC
6832,Person 6832,82,user6832@example.com,2024-01-01,2024-06-01,LEGACY_A,BATCH,EU
6833,Person 6833,-19,user6833@example.com,2024-01-01,2024-06-01,MODERN,STREAM,US
6834,Person 6834,32,user6834@example.com,2024-01-01,2024-06-01,MODERN,STREAM,UK
6835,Person 6835,44,user6835@example.com,2024-01-01,2024-06-01,MODERN,STREAM,APAC
6836,Person 6836,18,user6836@example.com,2024-01-01,2024-06-01,MODERN,STREAM,EU
6837,Person 6837,44,user6837@example.com,2024-01-01,2024-06-01,LEGACY_A,BATCH,US
6838,Person 6838,37,user6838@example.com,2024-01-01,2024-06-01,MODERN,STREAM,UK
6839,Person 6839,88,user6839@example.com,2024-01-01,2024-06-01,MODERN,STREAM,APAC
6840,Person 6840,40,user6840@example.com,2024-01-01,2024-06-01,MODERN,STREAM,EU
6841,Person 6841,47,user6841@example.com,2024-01-01,2024-06-01,MODERN,STREAM,US
6842,Person 6842,76,user6842@example.com,2024-01-01,2024-06-01,MODERN,STREAM,UK
6843,Person 6843,27,user6843@example.com,2024-01-01,2024-06-01,LEGACY_A,BATCH,APAC
6844,Person 6844,91,user6844@example.com,2024-01-01,2024-06-01,MODERN,STREAM,EU
6845,Person 6845,66,user6845@example.com,2024-01-01,2024-06-01,MODERN,STREAM,US
6846,Person 6846,25,user6846@example.com,2024-01-01,2024-06-01,MODERN,STREAM,UK
6847,Person 6847,90,user6847@example.com,2024-01-01,2024-06-01,MODERN,STREAM,APAC
6848,Person 6848,51,user6848@example.com,2024-01-01,2024-06-01,MODERN,STREAM,EU
6849,Person 6849,61,user6849@example.com,2024-01-01,2024-06-01,MODERN,STREAM,US
6850,Person 6850,91,user6850@example.com,2024-01-01,2024-06-01,MODERN,STREAM,UK
6851,Person 6851,88,user6851@example.com,2024-01-01,2024-06-01,MODERN,STREAM,APAC
6852,Person 6852,90,user6852@example.com,2024-01-01,2024-06-01,MODERN,STREAM,EU
6853,Person 6853,74,user6853@example.com,2024-01-01,2024-06-01,MODERN,STREAM,US
6854,Person 6854,,user6854@example.com,2024-01-01,2024-06-01,MODERN,STREAM,UK
6855,Person 6855,82,user6855@example.com,2024-01-01,2024-06-01,LEGACY_A,BATCH,APAC
6856,Person 6856,85,user6856@example.com,2024-01-01,2024-06-01,MODERN,STREAM,EU
6857,Person 6857,89,user6857@example.com,2024-01-01,2024-06-01,MODERN,STREAM,US
6858,Person 6858,65,user6858@example.com,2024-01-01,2024-06-01,MODERN,STREAM,UK
6859,Person 6859,59,user6859@example.com,2024-01-01,2024-06-01,MODERN,STREAM,APAC
6860,Person 6860,76,user6860@example.com,2024-01-01,2024-06-01,MODERN,STREAM,EU
6861,Person 6861,77,user6861@example.com,2024-01-01,2024-06-01,MODERN,STREAM,US
6862,Person 6862,45,user6862@example.com,2024-01-01,2024-06-01,MODERN,STREAM,UK
6863,Person 6863,36,user6863@example.com,2024-01-01,2024-06-01,MODERN,STREAM,APAC
6864,Person 6864,19,user6864@example.com,2024-01-01,2024-06-01,MODERN,STREAM,EU
6865,Person 6865,992,user6865@example.com,2024-01-01,2024-06-01,MODERN,STREAM,US
6866,Person 6866,24,user6866-example.com,2024-01-01,2024-06-01,MODERN,STREAM,UK
6867,Person 6867,,user6867@example.com,2024-01-01,2024-06-01,MODERN,STREAM,APAC
6868,Person 6868,49,user6868@example.com,2024-01-01,2024-06-01,MODERN,STREAM,EU
6869,Person 6869,77,user6869@example.com,2024-01-01,2024-06-01,LEGACY_A,BATCH,US
6870,Person 6870,73,user6870@example.com,2024-01-01,2024-06-01,MODERN,STREAM,UK
6871,Person 6871,,user6871@example.com,2024-01-01,2024-06-01,MODERN,STREAM,APAC
6872,Person 6872,69,user6872@example.com,2024-01-01,2024-06-01,MODERN,STREAM,EU
6873,Person 6873,52,user6873@example.com,2024-01-01,2024-06-01,MODERN,STREAM,US
6874,Person 6874,50,user6874@example.com,2024-01-01,2024-06-01,LEGACY_A,BATCH,UK
6875,Person 6875,85,user6875@example.com,2024-01-01,2024-06-01,MODERN,STREAM,APAC
6876,Person 6876,80,user6876@example.com,2024-01-01,2024-06-01,MODERN,STREAM,EU
6877,Person 6877,27,user6877@example.com,2024-01-01,2024-06-01,MODERN,STREAM,US
6878,Person 6878,90,user6878@example.com,2024-01-01,2024-06-01,MODERN,STREAM,UK
6879,Person 6879,41,user6879@example.com,2024-01-01,2024-06-01,MODERN,STREAM,APAC
6880,Person 6880,941,user6880@example.com,2024-01-01,2024-06-01,MODERN,STREAM,EU
6881,Person 6881,91,user6881@example.com,2024-01-01,2024-06-01,MODERN,STREAM,US
6882,Person 6882,84,user6882@example.com,2024-01-01,2024-06-01,MODERN,STREAM,UK
6883,Person 6883,88,user6883@example.com,2024-01-01,2024-06-01,MODERN,STREAM,APAC
6884,Person 6884,80,user6884@example.com,2024-01-01,2024-06-01,MODERN,STREAM,EU
6885,Person 6885,60,user6885@example.com,2024-01-01,2024-06-01,LEGACY_A,BATCH,US
6886,Person 6886,79,user6886@example.com,2024-06-01,2024-01-01,MODERN,STREAM,UK
6887,Person 6887,27,user6887@example.com,2024-01-01,2024-06-01,MODERN,STREAM,APAC
6888,Person 6888,24,user6888@example.com,2024-01-01,2024-06-01,MODERN,STREAM,EU
6889,Person 6889,22,user6889@example.com,2024-01-01,2024-06-01,MODERN,STREAM,US
6890,Person 6890,23,user6890@example.com,2024-01-01,2024-06-01,MODERN,STREAM,UK
6891,Person 6891,22,user6891@example.com,2024-01-01,2024-06-01,MODERN,STREAM,APAC
6892,Person 6892,26,user6892@example.com,2024-01-01,2024-06-01,MODERN,STREAM,EU
6893,Person 6893,32,user6893@example.com,2024-01-01,2024-06-01,MODERN,STREAM,US
6894,Person 6894,66,user6894@example.com,2024-01-01,2024-06-01,MODERN,STREAM,UK
6895,Person 6895,38,user6895@example.com,2024-01-01,2024-06-01,MODERN,STREAM,APAC
6896,Person 6896,39,user6896@example.com,2024-01-01,2024-06-01,MODERN,STREAM,EU
6897,Person 6897,90,user6897@example.com,2024-01-01,2024-06-01,MODERN,STREAM,US
6898,Person 6898,74,user6898@example.com,2024-01-01,2024-06-01,MODERN,STREAM,UK
6899,Person 6899,23,user6899@example.com,2024-01-01,2024-06-01,MODERN,STREAM,APAC
6900,Person 6900,41,user6900@example.com,2024-01-01,2024-06-01,MODERN,STREAM,EU
6901,Person 6901,78,user6901@example.com,2024-06-01,2024-01-01,MODERN,STREAM,US
6902,Person 6902,79,user6902@example.com,2024-01-01,2024-06-01,MODERN,STREAM,UK
6903,Person 6903,42,user6903@example.com,2024-01-01,2024-06-01,LEGACY_A,BATCH,APAC
6904,Person 6904,58,user6904@example.com,2024-01-01,2024-06-01,MODERN,STREAM,EU
6905,Person 6905,60,user6905@example.com,2024-01-01,2024-06-01,MODERN,STREAM,US
6906,Person 6906,37,user6906-example.com,2024-01-01,2024-06-01,MODERN,STREAM,UK
6907,Person 6907,46,user6907@example.com,2024-06-01,2024-01-01,MODERN,STREAM,APAC
6908,Person 6908,79,user6908@example.com,2024-01-01,2024-06-01,MODERN,STREAM,EU
6909,Person 6909,58,user6909@example.com,2024-01-01,2024-06-01,MODERN,STREAM,US
6910,Person 6910,57,user6910@example.com,2024-01-01,2024-06-01,MODERN,STREAM,UK
6911,Person 6911,70,user6911@example.com,2024-01-01,2024-06-01,MODERN,STREAM,APAC
6912,Person 6912,87,user6912@example.com,2024-01-01,2024-06-01,MODERN,STREAM,EU
6913,Person 6913,23,user6913@example.com,2024-01-01,2024-06-01,MODERN,STREAM,US
6914,Person 6914,64,user6914@example.com,2024-01-01,2024-06-01,MODERN,STREAM,UK
6915,Person 6915,70,user6915@example.com,2024-01-01,2024-06-01,MODERN,STREAM,APAC
6916,Person 6916,74,user6916@example.com,2024-01-01,2024-06-01,MODERN,STREAM,EU
6917,Person 6917,58,user6917@example.com,2024-01-01,2024-06-01,MODERN,STREAM,US
6918,Person 6918,29,user6918@example.com,2024-01-01,2024-06-01,MODERN,STREAM,UK
6919,Person 6919,356,user6919@example.com,2024-01-01,2024-06-01,MODERN,STREAM,APAC
6920,Person 6920,60,user6920@example.com,2024-01-01,2024-06-01,MODERN,STREAM,EU
6921,Person 6921,83,user6921@example.com,2024-01-01,2024-06-01,MODERN,STREAM,US
6922,Person 6922,77,user6922@example.com,2024-01-01,2024-06-01,MODERN,STREAM,UK
6923,Person 6923,55,user6923@example.com,2024-01-01,2024-06-01,MODERN,STREAM,APAC
6924,Person 6924,61,user6924@example.com,2024-06-01,2024-01-01,MODERN,STREAM,EU
6925,Person 6925,68,user6925-example.com,2024-01-01,2024-06-01,MODERN,STREAM,US
6926,Person 6926,19,user6926@example.com,2024-01-01,2024-06-01,MODERN,STREAM,UK
6927,Person 6927,86,user6927@example.com,2024-01-01,2024-06-01,MODERN,STREAM,APAC
6928,Person 6928,80,user6928@example.com,2024-01-01,2024-06-01,MODERN,STREAM,EU
6929,Person 6929,,user6929@example.com,2024-01-01,2024-06-01,MODERN,STREAM,US
6930,Person 6930,37,user6930@example.com,2024-06-01,2024-01-01,MODERN,STREAM,UK
6931,Person 6931,73,user6931@example.com,2024-01-01,2024-06-01,MODERN,STREAM,APAC
6932,Person 6932,73,user6932@example.com,2024-01-01,2024-06-01,MODERN,STREAM,EU
6933,Person 6933,58,user6933@example.com,2024-01-01,2024-06-01,MODERN,STREAM,US
6934,Person 6934,82,user6934@example.com,2024-06-01,2024-01-01,MODERN,STREAM,UK
6935,Person 6935,79,user6935@example.com,2024-01-01,2024-06-01,LEGACY_A,BATCH,APAC
6936,Person 6936,80,user6936@example.com,2024-01-01,2024-06-01,LEGACY_A,BATCH,EU
6937,Person 6937,37,user6937@example.com,2024-01-01,2024-06-01,MODERN,STREAM,US
6938,Person 6938,50,user6938@example.com,2024-01-01,2024-06-01,MODERN,STREAM,UK
6939,Person 6939,30,user6939@example.com,2024-01-01,2024-06-01,MODERN,STREAM,APAC
6940,Person 6940,29,user6940@example.com,2024-01-01,2024-06-01,LEGACY_A,BATCH,EU
6941,Person 6941,49,user6941@example.com,2024-01-01,2024-06-01,MODERN,STREAM,US
6942,Person 6942,31,user6942@example.com,2024-01-01,2024-06-01,MODERN,STREAM,UK
6943,Person 6943,83,user6943@example.com,2024-01-01,2024-06-01,MODERN,STREAM,APAC
6944,Person 6944,25,user6944@example.com,2024-01-01,2024-06-01,LEGACY_A,BATCH,EU
6945,Person 6945,46,user6945@example.com,2024-01-01,2024-06-01,MODERN,STREAM,US
6946,Person 6946,28,user6946@example.com,2024-01-01,2024-06-01,MODERN,STREAM,UK
6947,Person 6947,57,user6947@example.com,2024-01-01,2024-06-01,MODERN,STREAM,APAC
6948,Person 6948,35,user6948@example.com,2024-01-01,2024-06-01,MODERN,STREAM,EU
6949,Person 6949,63,user6949@example.com,2024-01-01,2024-06-01,MODERN,STREAM,US
6950,Person 6950,46,user6950@example.com,2024-01-01,2024-06-01,LEGACY_A,BATCH,UK
6951,Person 6951,18,user6951@example.com,2024-01-01,2024-06-01,MODERN,STREAM,APAC
6952,Person 6952,39,user6952@example.com,2024-01-01,2024-06-01,MODERN,STREAM,EU
6953,Person 6953,33,user6953@example.com,2024-01-01,2024-06-01,MODERN,STREAM,US
6954,Person 6954,86,user6954@example.com,2024-01-01,2024-06-01,MODERN,STREAM,UK
6955,Person 6955,50,user6955@example.com,2024-01-01,2024-06-01,MODERN,STREAM,APAC
6956,Person 6956,82,user6956@example.com,2024-01-01,2024-06-01,MODERN,STREAM,EU
6957,Person 6957,65,user6957@example.com,2024-01-01,2024-06-01,MODERN,STREAM,US
6958,Person 6958,37,user6958@example.com,2024-01-01,2024-06-01,LEGACY_A,BATCH,UK
6959,Person 6959,,user6959@example.com,2024-01-01,2024-06-01,MODERN,STREAM,APAC
6960,Person 6960,42,user6960@example.com,2024-01-01,2024-06-01,MODERN,STREAM,EU
6961,Person 6961,60,user6961@example.com,2024-01-01,2024-06-01,MODERN,STREAM,US
6962,Person 6962,56,user6962@example.com,2024-01-01,2024-06-01,MODERN,STREAM,UK
6963,Person 6963,38,user6963@example.com,2024-01-01,2024-06-01,LEGACY_A,BATCH,APAC
6964,Person 6964,58,user6964@example.com,2024-01-01,2024-06-01,MODERN,STREAM,EU
6965,Person 6965,25,user6965@example.com,2024-01-01,2024-06-01,MODERN,STREAM,US
6966,Person 6966,35,user6966@example.com,2024-01-01,2024-06-01,MODERN,STREAM,UK
6967,Person 6967,62,user6967@example.com,2024-01-01,2024-06-01,MODERN,STREAM,APAC
6968,Person 6968,59,user6968@example.com,2024-01-01,2024-06-01,MODERN,STREAM,EU
6969,Person 6969,37,user6969@example.com,2024-01-01,2024-06-01,LEGACY_A,BATCH,US
6970,Person 6970,53,user6970@example.com,2024-01-01,2024-06-01,MODERN,STREAM,UK
6971,Person 6971,90,user6971@example.com,2024-01-01,2024-06-01,LEGACY_A,BATCH,APAC
6972,Person 6972,51,user6972-example.com,2024-01-01,2024-06-01,MODERN,STREAM,EU
6973,Person 6973,,user6973@example.com,2024-01-01,2024-06-01,MODERN,STREAM,US
6974,Person 6974,48,user6974@example.com,2024-01-01,2024-06-01,MODERN,STREAM,UK
6975,Person 6975,47,user6975@example.com,2024-01-01,2024-06-01,MODERN,STREAM,APAC
6976,Person 6976,27,user6976@example.com,2024-01-01,2024-06-01,MODERN,STREAM,EU
6977,Person 6977,37,user6977@example.com,2024-01-01,2024-06-01,MODERN,STREAM,US
6978,Person 6978,82,user6978-example.com,2024-01-01,2024-06-01,LEGACY_A,BATCH,UK
6979,Person 6979,-3,user6979@example.com,2024-01-01,2024-06-01,MODERN,STREAM,APAC
6980,Person 6980,46,user6980-example.com,2024-01-01,2024-06-01,MODERN,STREAM,EU
6981,Person 6981,34,user6981@example.com,2024-01-01,2024-06-01,LEGACY_A,BATCH,US
6982,Person 6982,65,user6982@example.com,2024-01-01,2024-06-01,MODERN,STREAM,UK
6983,Person 6983,478,user6983@example.com,2024-01-01,2024-06-01,MODERN,STREAM,APAC
6984,Person 6984,54,user6984@example.com,2024-01-01,2024-06-01,MODERN,STREAM,EU
6985,Person 6985,60,user6985@example.com,2024-01-01,2024-06-01,MODERN,STREAM,US
6986,Person 6986,45,user6986@example.com,2024-01-01,2024-06-01,MODERN,STREAM,UK
6987,Person 6987,53,user6987@example.com,2024-01-01,2024-06-01,MODERN,STREAM,APAC
6988,Person 6988,796,user6988@example.com,2024-01-01,2024-06-01,MODERN,STREAM,EU
6989,Person 6989,59,user6989-example.com,2024-01-01,2024-06-01,MODERN,STREAM,US
6990,Person 6990,25,user6990@example.com,2024-01-01,2024-06-01,MODERN,STREAM,UK
6991,Person 6991,29,user6991@example.com,2024-01-01,2024-06-01,MODERN,STREAM,APAC
6992,Person 6992,74,user6992@example.com,2024-01-01,2024-06-01,MODERN,STREAM,EU
6993,Person 6993,72,user6993@example.com,2024-01-01,2024-06-01,LEGACY_A,BATCH,US
6994,Person 6994,57,user6994@example.com,2024-01-01,2024-06-01,MODERN,STREAM,UK
6995,Person 6995,58,user6995@example.com,2024-01-01,2024-06-01,MODERN,STREAM,APAC
6996,Person 6996,49,user6996@example.com,2024-01-01,2024-06-01,LEGACY_A,BATCH,EU
6997,Person 6997,30,user6997@example.com,2024-01-01,2024-06-01,MODERN,STREAM,US
6998,Person 6998,80,user6998@example.com,2024-01-01,2024-06-01,MODERN,STREAM,UK
6999,Person 6999,40,user6999@example.com,2024-01-01,2024-06-01,MODERN,STREAM,APAC
